effective_from,si_do,si_gun_gu,eup_myeon_dong,note,source_title,source_url
2026-07-01,강원,속초시,대동,"국세청고시 제2026-19호(2026.7.1. 시행, 폐지제정) 별표4 지역기준(관할 세무서: 속초세무서) - 국가법령정보센터 행정규칙 텍스트레이어 직접 파싱. 실제로는 업종/면적 조건부 배제이나 단순화하여 전체 배제로 처리. 자동추출 특성상 일부 지역 누락 가능",국세청고시 제2026-19호 간이과세배제기준,https://www.law.go.kr/LSW/admRulLsInfoP.do?admRulId=21174
2026-07-01,강원,속초시,대포동,"국세청고시 제2026-19호(2026.7.1. 시행, 폐지제정) 별표4 지역기준(관할 세무서: 속초세무서) - 국가법령정보센터 행정규칙 텍스트레이어 직접 파싱. 실제로는 업종/면적 조건부 배제이나 단순화하여 전체 배제로 처리. 자동추출 특성상 일부 지역 누락 가능",국세청고시 제2026-19호 간이과세배제기준,https://www.law.go.kr/LSW/admRulLsInfoP.do?admRulId=21174
2026-07-01,강원,속초시,장사동,"국세청고시 제2026-19호(2026.7.1. 시행, 폐지제정) 별표4 지역기준(관할 세무서: 속초세무서) - 국가법령정보센터 행정규칙 텍스트레이어 직접 파싱. 실제로는 업종/면적 조건부 배제이나 단순화하여 전체 배제로 처리. 자동추출 특성상 일부 지역 누락 가능",국세청고시 제2026-19호 간이과세배제기준,https://www.law.go.kr/LSW/admRulLsInfoP.do?admRulId=21174
2026-07-01,강원,속초시,청호동,"국세청고시 제2026-19호(2026.7.1. 시행, 폐지제정) 별표4 지역기준(관할 세무서: 속초세무서) - 국가법령정보센터 행정규칙 텍스트레이어 직접 파싱. 실제로는 업종/면적 조건부 배제이나 단순화하여 전체 배제로 처리. 자동추출 특성상 일부 지역 누락 가능",국세청고시 제2026-19호 간이과세배제기준,https://www.law.go.kr/LSW/admRulLsInfoP.do?admRulId=21174
2026-07-01,강원,속초시,포동,"국세청고시 제2026-19호(2026.7.1. 시행, 폐지제정) 별표4 지역기준(관할 세무서: 속초세무서) - 국가법령정보센터 행정규칙 텍스트레이어 직접 파싱. 실제로는 업종/면적 조건부 배제이나 단순화하여 전체 배제로 처리. 자동추출 특성상 일부 지역 누락 가능",국세청고시 제2026-19호 간이과세배제기준,https://www.law.go.kr/LSW/admRulLsInfoP.do?admRulId=21174
2026-07-01,강원,원주시,개운동,"국세청고시 제2026-19호(2026.7.1. 시행, 폐지제정) 별표4 지역기준(관할 세무서: 원주세무서) - 국가법령정보센터 행정규칙 텍스트레이어 직접 파싱. 실제로는 업종/면적 조건부 배제이나 단순화하여 전체 배제로 처리. 자동추출 특성상 일부 지역 누락 가능",국세청고시 제2026-19호 간이과세배제기준,https://www.law.go.kr/LSW/admRulLsInfoP.do?admRulId=21174
2026-07-01,강원,원주시,단계동,"국세청고시 제2026-19호(2026.7.1. 시행, 폐지제정) 별표4 지역기준(관할 세무서: 원주세무서) - 국가법령정보센터 행정규칙 텍스트레이어 직접 파싱. 실제로는 업종/면적 조건부 배제이나 단순화하여 전체 배제로 처리. 자동추출 특성상 일부 지역 누락 가능",국세청고시 제2026-19호 간이과세배제기준,https://www.law.go.kr/LSW/admRulLsInfoP.do?admRulId=21174
2026-07-01,강원,원주시,단구동,"국세청고시 제2026-19호(2026.7.1. 시행, 폐지제정) 별표4 지역기준(관할 세무서: 원주세무서) - 국가법령정보센터 행정규칙 텍스트레이어 직접 파싱. 실제로는 업종/면적 조건부 배제이나 단순화하여 전체 배제로 처리. 자동추출 특성상 일부 지역 누락 가능",국세청고시 제2026-19호 간이과세배제기준,https://www.law.go.kr/LSW/admRulLsInfoP.do?admRulId=21174
2026-07-01,강원,원주시,둔내면,"국세청고시 제2026-19호(2026.7.1. 시행, 폐지제정) 별표4 지역기준(관할 세무서: 원주세무서) - 국가법령정보센터 행정규칙 텍스트레이어 직접 파싱. 실제로는 업종/면적 조건부 배제이나 단순화하여 전체 배제로 처리. 자동추출 특성상 일부 지역 누락 가능",국세청고시 제2026-19호 간이과세배제기준,https://www.law.go.kr/LSW/admRulLsInfoP.do?admRulId=21174
2026-07-01,강원,원주시,일산동,"국세청고시 제2026-19호(2026.7.1. 시행, 폐지제정) 별표4 지역기준(관할 세무서: 원주세무서) - 국가법령정보센터 행정규칙 텍스트레이어 직접 파싱. 실제로는 업종/면적 조건부 배제이나 단순화하여 전체 배제로 처리. 자동추출 특성상 일부 지역 누락 가능",국세청고시 제2026-19호 간이과세배제기준,https://www.law.go.kr/LSW/admRulLsInfoP.do?admRulId=21174
2026-07-01,강원,원주시,중앙동,"국세청고시 제2026-19호(2026.7.1. 시행, 폐지제정) 별표4 지역기준(관할 세무서: 원주세무서) - 국가법령정보센터 행정규칙 텍스트레이어 직접 파싱. 실제로는 업종/면적 조건부 배제이나 단순화하여 전체 배제로 처리. 자동추출 특성상 일부 지역 누락 가능",국세청고시 제2026-19호 간이과세배제기준,https://www.law.go.kr/LSW/admRulLsInfoP.do?admRulId=21174
2026-07-01,강원,원주시,태장동,"국세청고시 제2026-19호(2026.7.1. 시행, 폐지제정) 별표4 지역기준(관할 세무서: 원주세무서) - 국가법령정보센터 행정규칙 텍스트레이어 직접 파싱. 실제로는 업종/면적 조건부 배제이나 단순화하여 전체 배제로 처리. 자동추출 특성상 일부 지역 누락 가능",국세청고시 제2026-19호 간이과세배제기준,https://www.law.go.kr/LSW/admRulLsInfoP.do?admRulId=21174
2026-07-01,강원,원주시,행구동,"국세청고시 제2026-19호(2026.7.1. 시행, 폐지제정) 별표4 지역기준(관할 세무서: 원주세무서) - 국가법령정보센터 행정규칙 텍스트레이어 직접 파싱. 실제로는 업종/면적 조건부 배제이나 단순화하여 전체 배제로 처리. 자동추출 특성상 일부 지역 누락 가능",국세청고시 제2026-19호 간이과세배제기준,https://www.law.go.kr/LSW/admRulLsInfoP.do?admRulId=21174
2026-07-01,강원,춘천시,중앙로2가,"국세청고시 제2026-19호(2026.7.1. 시행, 폐지제정) 별표4 지역기준(관할 세무서: 춘천세무서) - 국가법령정보센터 행정규칙 텍스트레이어 직접 파싱. 실제로는 업종/면적 조건부 배제이나 단순화하여 전체 배제로 처리. 자동추출 특성상 일부 지역 누락 가능",국세청고시 제2026-19호 간이과세배제기준,https://www.law.go.kr/LSW/admRulLsInfoP.do?admRulId=21174
2026-07-01,강원,춘천시,퇴계동,"국세청고시 제2026-19호(2026.7.1. 시행, 폐지제정) 별표4 지역기준(관할 세무서: 춘천세무서) - 국가법령정보센터 행정규칙 텍스트레이어 직접 파싱. 실제로는 업종/면적 조건부 배제이나 단순화하여 전체 배제로 처리. 자동추출 특성상 일부 지역 누락 가능",국세청고시 제2026-19호 간이과세배제기준,https://www.law.go.kr/LSW/admRulLsInfoP.do?admRulId=21174
2026-07-01,강원,춘천시,후평동,"국세청고시 제2026-19호(2026.7.1. 시행, 폐지제정) 별표4 지역기준(관할 세무서: 춘천세무서) - 국가법령정보센터 행정규칙 텍스트레이어 직접 파싱. 실제로는 업종/면적 조건부 배제이나 단순화하여 전체 배제로 처리. 자동추출 특성상 일부 지역 누락 가능",국세청고시 제2026-19호 간이과세배제기준,https://www.law.go.kr/LSW/admRulLsInfoP.do?admRulId=21174
2026-07-01,경기,고양시,대동,"국세청고시 제2026-19호(2026.7.1. 시행, 폐지제정) 별표4 지역기준(관할 세무서: 고양세무서) - 국가법령정보센터 행정규칙 텍스트레이어 직접 파싱. 실제로는 업종/면적 조건부 배제이나 단순화하여 전체 배제로 처리. 자동추출 특성상 일부 지역 누락 가능",국세청고시 제2026-19호 간이과세배제기준,https://www.law.go.kr/LSW/admRulLsInfoP.do?admRulId=21174
2026-07-01,경기,고양시,대화동,"국세청고시 제2026-19호(2026.7.1. 시행, 폐지제정) 별표4 지역기준(관할 세무서: 고양세무서) - 국가법령정보센터 행정규칙 텍스트레이어 직접 파싱. 실제로는 업종/면적 조건부 배제이나 단순화하여 전체 배제로 처리. 자동추출 특성상 일부 지역 누락 가능",국세청고시 제2026-19호 간이과세배제기준,https://www.law.go.kr/LSW/admRulLsInfoP.do?admRulId=21174
2026-07-01,경기,고양시,덕이동,"국세청고시 제2026-19호(2026.7.1. 시행, 폐지제정) 별표4 지역기준(관할 세무서: 고양세무서) - 국가법령정보센터 행정규칙 텍스트레이어 직접 파싱. 실제로는 업종/면적 조건부 배제이나 단순화하여 전체 배제로 처리. 자동추출 특성상 일부 지역 누락 가능",국세청고시 제2026-19호 간이과세배제기준,https://www.law.go.kr/LSW/admRulLsInfoP.do?admRulId=21174
2026-07-01,경기,고양시,백석동,"국세청고시 제2026-19호(2026.7.1. 시행, 폐지제정) 별표4 지역기준(관할 세무서: 고양세무서) - 국가법령정보센터 행정규칙 텍스트레이어 직접 파싱. 실제로는 업종/면적 조건부 배제이나 단순화하여 전체 배제로 처리. 자동추출 특성상 일부 지역 누락 가능",국세청고시 제2026-19호 간이과세배제기준,https://www.law.go.kr/LSW/admRulLsInfoP.do?admRulId=21174
2026-07-01,경기,고양시,일산동,"국세청고시 제2026-19호(2026.7.1. 시행, 폐지제정) 별표4 지역기준(관할 세무서: 고양세무서) - 국가법령정보센터 행정규칙 텍스트레이어 직접 파싱. 실제로는 업종/면적 조건부 배제이나 단순화하여 전체 배제로 처리. 자동추출 특성상 일부 지역 누락 가능",국세청고시 제2026-19호 간이과세배제기준,https://www.law.go.kr/LSW/admRulLsInfoP.do?admRulId=21174
2026-07-01,경기,고양시,장항동,"국세청고시 제2026-19호(2026.7.1. 시행, 폐지제정) 별표4 지역기준(관할 세무서: 고양세무서) - 국가법령정보센터 행정규칙 텍스트레이어 직접 파싱. 실제로는 업종/면적 조건부 배제이나 단순화하여 전체 배제로 처리. 자동추출 특성상 일부 지역 누락 가능",국세청고시 제2026-19호 간이과세배제기준,https://www.law.go.kr/LSW/admRulLsInfoP.do?admRulId=21174
2026-07-01,경기,고양시,정발산동,"국세청고시 제2026-19호(2026.7.1. 시행, 폐지제정) 별표4 지역기준(관할 세무서: 고양세무서) - 국가법령정보센터 행정규칙 텍스트레이어 직접 파싱. 실제로는 업종/면적 조건부 배제이나 단순화하여 전체 배제로 처리. 자동추출 특성상 일부 지역 누락 가능",국세청고시 제2026-19호 간이과세배제기준,https://www.law.go.kr/LSW/admRulLsInfoP.do?admRulId=21174
2026-07-01,경기,고양시,주엽동,"국세청고시 제2026-19호(2026.7.1. 시행, 폐지제정) 별표4 지역기준(관할 세무서: 고양세무서) - 국가법령정보센터 행정규칙 텍스트레이어 직접 파싱. 실제로는 업종/면적 조건부 배제이나 단순화하여 전체 배제로 처리. 자동추출 특성상 일부 지역 누락 가능",국세청고시 제2026-19호 간이과세배제기준,https://www.law.go.kr/LSW/admRulLsInfoP.do?admRulId=21174
2026-07-01,경기,고양시,중산동,"국세청고시 제2026-19호(2026.7.1. 시행, 폐지제정) 별표4 지역기준(관할 세무서: 고양세무서) - 국가법령정보센터 행정규칙 텍스트레이어 직접 파싱. 실제로는 업종/면적 조건부 배제이나 단순화하여 전체 배제로 처리. 자동추출 특성상 일부 지역 누락 가능",국세청고시 제2026-19호 간이과세배제기준,https://www.law.go.kr/LSW/admRulLsInfoP.do?admRulId=21174
2026-07-01,경기,고양시,탄현동,"국세청고시 제2026-19호(2026.7.1. 시행, 폐지제정) 별표4 지역기준(관할 세무서: 고양세무서) - 국가법령정보센터 행정규칙 텍스트레이어 직접 파싱. 실제로는 업종/면적 조건부 배제이나 단순화하여 전체 배제로 처리. 자동추출 특성상 일부 지역 누락 가능",국세청고시 제2026-19호 간이과세배제기준,https://www.law.go.kr/LSW/admRulLsInfoP.do?admRulId=21174
2026-07-01,경기,고양시,화정동,"국세청고시 제2026-19호(2026.7.1. 시행, 폐지제정) 별표4 지역기준(관할 세무서: 동고양세무서) - 국가법령정보센터 행정규칙 텍스트레이어 직접 파싱. 실제로는 업종/면적 조건부 배제이나 단순화하여 전체 배제로 처리. 자동추출 특성상 일부 지역 누락 가능",국세청고시 제2026-19호 간이과세배제기준,https://www.law.go.kr/LSW/admRulLsInfoP.do?admRulId=21174
2026-07-01,경기,광명시,소하동,"국세청고시 제2026-19호(2026.7.1. 시행, 폐지제정) 별표4 지역기준(관할 세무서: 광명세무서) - 국가법령정보센터 행정규칙 텍스트레이어 직접 파싱. 실제로는 업종/면적 조건부 배제이나 단순화하여 전체 배제로 처리. 자동추출 특성상 일부 지역 누락 가능",국세청고시 제2026-19호 간이과세배제기준,https://www.law.go.kr/LSW/admRulLsInfoP.do?admRulId=21174
2026-07-01,경기,광명시,일직동,"국세청고시 제2026-19호(2026.7.1. 시행, 폐지제정) 별표4 지역기준(관할 세무서: 광명세무서) - 국가법령정보센터 행정규칙 텍스트레이어 직접 파싱. 실제로는 업종/면적 조건부 배제이나 단순화하여 전체 배제로 처리. 자동추출 특성상 일부 지역 누락 가능",국세청고시 제2026-19호 간이과세배제기준,https://www.law.go.kr/LSW/admRulLsInfoP.do?admRulId=21174
2026-07-01,경기,광명시,철산동,"국세청고시 제2026-19호(2026.7.1. 시행, 폐지제정) 별표4 지역기준(관할 세무서: 광명세무서) - 국가법령정보센터 행정규칙 텍스트레이어 직접 파싱. 실제로는 업종/면적 조건부 배제이나 단순화하여 전체 배제로 처리. 자동추출 특성상 일부 지역 누락 가능",국세청고시 제2026-19호 간이과세배제기준,https://www.law.go.kr/LSW/admRulLsInfoP.do?admRulId=21174
2026-07-01,경기,구리시,다산동,"국세청고시 제2026-19호(2026.7.1. 시행, 폐지제정) 별표4 지역기준(관할 세무서: 구리세무서) - 국가법령정보센터 행정규칙 텍스트레이어 직접 파싱. 실제로는 업종/면적 조건부 배제이나 단순화하여 전체 배제로 처리. 자동추출 특성상 일부 지역 누락 가능",국세청고시 제2026-19호 간이과세배제기준,https://www.law.go.kr/LSW/admRulLsInfoP.do?admRulId=21174
2026-07-01,경기,구리시,도농동,"국세청고시 제2026-19호(2026.7.1. 시행, 폐지제정) 별표4 지역기준(관할 세무서: 구리세무서) - 국가법령정보센터 행정규칙 텍스트레이어 직접 파싱. 실제로는 업종/면적 조건부 배제이나 단순화하여 전체 배제로 처리. 자동추출 특성상 일부 지역 누락 가능",국세청고시 제2026-19호 간이과세배제기준,https://www.law.go.kr/LSW/admRulLsInfoP.do?admRulId=21174
2026-07-01,경기,구리시,별내동,"국세청고시 제2026-19호(2026.7.1. 시행, 폐지제정) 별표4 지역기준(관할 세무서: 구리세무서) - 국가법령정보센터 행정규칙 텍스트레이어 직접 파싱. 실제로는 업종/면적 조건부 배제이나 단순화하여 전체 배제로 처리. 자동추출 특성상 일부 지역 누락 가능",국세청고시 제2026-19호 간이과세배제기준,https://www.law.go.kr/LSW/admRulLsInfoP.do?admRulId=21174
2026-07-01,경기,구리시,삼패동,"국세청고시 제2026-19호(2026.7.1. 시행, 폐지제정) 별표4 지역기준(관할 세무서: 구리세무서) - 국가법령정보센터 행정규칙 텍스트레이어 직접 파싱. 실제로는 업종/면적 조건부 배제이나 단순화하여 전체 배제로 처리. 자동추출 특성상 일부 지역 누락 가능",국세청고시 제2026-19호 간이과세배제기준,https://www.law.go.kr/LSW/admRulLsInfoP.do?admRulId=21174
2026-07-01,경기,구리시,수택동,"국세청고시 제2026-19호(2026.7.1. 시행, 폐지제정) 별표4 지역기준(관할 세무서: 구리세무서) - 국가법령정보센터 행정규칙 텍스트레이어 직접 파싱. 실제로는 업종/면적 조건부 배제이나 단순화하여 전체 배제로 처리. 자동추출 특성상 일부 지역 누락 가능",국세청고시 제2026-19호 간이과세배제기준,https://www.law.go.kr/LSW/admRulLsInfoP.do?admRulId=21174
2026-07-01,경기,구리시,인창동,"국세청고시 제2026-19호(2026.7.1. 시행, 폐지제정) 별표4 지역기준(관할 세무서: 구리세무서) - 국가법령정보센터 행정규칙 텍스트레이어 직접 파싱. 실제로는 업종/면적 조건부 배제이나 단순화하여 전체 배제로 처리. 자동추출 특성상 일부 지역 누락 가능",국세청고시 제2026-19호 간이과세배제기준,https://www.law.go.kr/LSW/admRulLsInfoP.do?admRulId=21174
2026-07-01,경기,남양주시,장현리,"국세청고시 제2026-19호(2026.7.1. 시행, 폐지제정) 별표4 지역기준(관할 세무서: 남양주세무서) - 국가법령정보센터 행정규칙 텍스트레이어 직접 파싱. 실제로는 업종/면적 조건부 배제이나 단순화하여 전체 배제로 처리. 자동추출 특성상 일부 지역 누락 가능",국세청고시 제2026-19호 간이과세배제기준,https://www.law.go.kr/LSW/admRulLsInfoP.do?admRulId=21174
2026-07-01,경기,남양주시,청평읍,"국세청고시 제2026-19호(2026.7.1. 시행, 폐지제정) 별표4 지역기준(관할 세무서: 남양주세무서) - 국가법령정보센터 행정규칙 텍스트레이어 직접 파싱. 실제로는 업종/면적 조건부 배제이나 단순화하여 전체 배제로 처리. 자동추출 특성상 일부 지역 누락 가능",국세청고시 제2026-19호 간이과세배제기준,https://www.law.go.kr/LSW/admRulLsInfoP.do?admRulId=21174
2026-07-01,경기,남양주시,호평동,"국세청고시 제2026-19호(2026.7.1. 시행, 폐지제정) 별표4 지역기준(관할 세무서: 남양주세무서) - 국가법령정보센터 행정규칙 텍스트레이어 직접 파싱. 실제로는 업종/면적 조건부 배제이나 단순화하여 전체 배제로 처리. 자동추출 특성상 일부 지역 누락 가능",국세청고시 제2026-19호 간이과세배제기준,https://www.law.go.kr/LSW/admRulLsInfoP.do?admRulId=21174
2026-07-01,경기,남양주시,회곡리,"국세청고시 제2026-19호(2026.7.1. 시행, 폐지제정) 별표4 지역기준(관할 세무서: 남양주세무서) - 국가법령정보센터 행정규칙 텍스트레이어 직접 파싱. 실제로는 업종/면적 조건부 배제이나 단순화하여 전체 배제로 처리. 자동추출 특성상 일부 지역 누락 가능",국세청고시 제2026-19호 간이과세배제기준,https://www.law.go.kr/LSW/admRulLsInfoP.do?admRulId=21174
2026-07-01,경기,부천시,상동,"국세청고시 제2026-19호(2026.7.1. 시행, 폐지제정) 별표4 지역기준(관할 세무서: 부천세무서) - 국가법령정보센터 행정규칙 텍스트레이어 직접 파싱. 실제로는 업종/면적 조건부 배제이나 단순화하여 전체 배제로 처리. 자동추출 특성상 일부 지역 누락 가능",국세청고시 제2026-19호 간이과세배제기준,https://www.law.go.kr/LSW/admRulLsInfoP.do?admRulId=21174
2026-07-01,경기,부천시,심곡동,"국세청고시 제2026-19호(2026.7.1. 시행, 폐지제정) 별표4 지역기준(관할 세무서: 남부천세무서) - 국가법령정보센터 행정규칙 텍스트레이어 직접 파싱. 실제로는 업종/면적 조건부 배제이나 단순화하여 전체 배제로 처리. 자동추출 특성상 일부 지역 누락 가능",국세청고시 제2026-19호 간이과세배제기준,https://www.law.go.kr/LSW/admRulLsInfoP.do?admRulId=21174
2026-07-01,경기,부천시,심곡본동,"국세청고시 제2026-19호(2026.7.1. 시행, 폐지제정) 별표4 지역기준(관할 세무서: 남부천세무서) - 국가법령정보센터 행정규칙 텍스트레이어 직접 파싱. 실제로는 업종/면적 조건부 배제이나 단순화하여 전체 배제로 처리. 자동추출 특성상 일부 지역 누락 가능",국세청고시 제2026-19호 간이과세배제기준,https://www.law.go.kr/LSW/admRulLsInfoP.do?admRulId=21174
2026-07-01,경기,부천시,여월동,"국세청고시 제2026-19호(2026.7.1. 시행, 폐지제정) 별표4 지역기준(관할 세무서: 부천세무서) - 국가법령정보센터 행정규칙 텍스트레이어 직접 파싱. 실제로는 업종/면적 조건부 배제이나 단순화하여 전체 배제로 처리. 자동추출 특성상 일부 지역 누락 가능",국세청고시 제2026-19호 간이과세배제기준,https://www.law.go.kr/LSW/admRulLsInfoP.do?admRulId=21174
2026-07-01,경기,부천시,중동,"국세청고시 제2026-19호(2026.7.1. 시행, 폐지제정) 별표4 지역기준(관할 세무서: 부천세무서) - 국가법령정보센터 행정규칙 텍스트레이어 직접 파싱. 실제로는 업종/면적 조건부 배제이나 단순화하여 전체 배제로 처리. 자동추출 특성상 일부 지역 누락 가능",국세청고시 제2026-19호 간이과세배제기준,https://www.law.go.kr/LSW/admRulLsInfoP.do?admRulId=21174
2026-07-01,경기,성남시,곡동,"국세청고시 제2026-19호(2026.7.1. 시행, 폐지제정) 별표4 지역기준(관할 세무서: 성남세무서) - 국가법령정보센터 행정규칙 텍스트레이어 직접 파싱. 실제로는 업종/면적 조건부 배제이나 단순화하여 전체 배제로 처리. 자동추출 특성상 일부 지역 누락 가능",국세청고시 제2026-19호 간이과세배제기준,https://www.law.go.kr/LSW/admRulLsInfoP.do?admRulId=21174
2026-07-01,경기,성남시,구미동,"국세청고시 제2026-19호(2026.7.1. 시행, 폐지제정) 별표4 지역기준(관할 세무서: 분당세무서) - 국가법령정보센터 행정규칙 텍스트레이어 직접 파싱. 실제로는 업종/면적 조건부 배제이나 단순화하여 전체 배제로 처리. 자동추출 특성상 일부 지역 누락 가능",국세청고시 제2026-19호 간이과세배제기준,https://www.law.go.kr/LSW/admRulLsInfoP.do?admRulId=21174
2026-07-01,경기,성남시,금곡동,"국세청고시 제2026-19호(2026.7.1. 시행, 폐지제정) 별표4 지역기준(관할 세무서: 분당세무서) - 국가법령정보센터 행정규칙 텍스트레이어 직접 파싱. 실제로는 업종/면적 조건부 배제이나 단순화하여 전체 배제로 처리. 자동추출 특성상 일부 지역 누락 가능",국세청고시 제2026-19호 간이과세배제기준,https://www.law.go.kr/LSW/admRulLsInfoP.do?admRulId=21174
2026-07-01,경기,성남시,금광동,"국세청고시 제2026-19호(2026.7.1. 시행, 폐지제정) 별표4 지역기준(관할 세무서: 성남세무서) - 국가법령정보센터 행정규칙 텍스트레이어 직접 파싱. 실제로는 업종/면적 조건부 배제이나 단순화하여 전체 배제로 처리. 자동추출 특성상 일부 지역 누락 가능",국세청고시 제2026-19호 간이과세배제기준,https://www.law.go.kr/LSW/admRulLsInfoP.do?admRulId=21174
2026-07-01,경기,성남시,백현동,"국세청고시 제2026-19호(2026.7.1. 시행, 폐지제정) 별표4 지역기준(관할 세무서: 분당세무서) - 국가법령정보센터 행정규칙 텍스트레이어 직접 파싱. 실제로는 업종/면적 조건부 배제이나 단순화하여 전체 배제로 처리. 자동추출 특성상 일부 지역 누락 가능",국세청고시 제2026-19호 간이과세배제기준,https://www.law.go.kr/LSW/admRulLsInfoP.do?admRulId=21174
2026-07-01,경기,성남시,삼평동,"국세청고시 제2026-19호(2026.7.1. 시행, 폐지제정) 별표4 지역기준(관할 세무서: 분당세무서) - 국가법령정보센터 행정규칙 텍스트레이어 직접 파싱. 실제로는 업종/면적 조건부 배제이나 단순화하여 전체 배제로 처리. 자동추출 특성상 일부 지역 누락 가능",국세청고시 제2026-19호 간이과세배제기준,https://www.law.go.kr/LSW/admRulLsInfoP.do?admRulId=21174
2026-07-01,경기,성남시,상대원동,"국세청고시 제2026-19호(2026.7.1. 시행, 폐지제정) 별표4 지역기준(관할 세무서: 성남세무서) - 국가법령정보센터 행정규칙 텍스트레이어 직접 파싱. 실제로는 업종/면적 조건부 배제이나 단순화하여 전체 배제로 처리. 자동추출 특성상 일부 지역 누락 가능",국세청고시 제2026-19호 간이과세배제기준,https://www.law.go.kr/LSW/admRulLsInfoP.do?admRulId=21174
2026-07-01,경기,성남시,서현동,"국세청고시 제2026-19호(2026.7.1. 시행, 폐지제정) 별표4 지역기준(관할 세무서: 분당세무서) - 국가법령정보센터 행정규칙 텍스트레이어 직접 파싱. 실제로는 업종/면적 조건부 배제이나 단순화하여 전체 배제로 처리. 자동추출 특성상 일부 지역 누락 가능",국세청고시 제2026-19호 간이과세배제기준,https://www.law.go.kr/LSW/admRulLsInfoP.do?admRulId=21174
2026-07-01,경기,성남시,성남동,"국세청고시 제2026-19호(2026.7.1. 시행, 폐지제정) 별표4 지역기준(관할 세무서: 성남세무서) - 국가법령정보센터 행정규칙 텍스트레이어 직접 파싱. 실제로는 업종/면적 조건부 배제이나 단순화하여 전체 배제로 처리. 자동추출 특성상 일부 지역 누락 가능",국세청고시 제2026-19호 간이과세배제기준,https://www.law.go.kr/LSW/admRulLsInfoP.do?admRulId=21174
2026-07-01,경기,성남시,수내동,"국세청고시 제2026-19호(2026.7.1. 시행, 폐지제정) 별표4 지역기준(관할 세무서: 분당세무서) - 국가법령정보센터 행정규칙 텍스트레이어 직접 파싱. 실제로는 업종/면적 조건부 배제이나 단순화하여 전체 배제로 처리. 자동추출 특성상 일부 지역 누락 가능",국세청고시 제2026-19호 간이과세배제기준,https://www.law.go.kr/LSW/admRulLsInfoP.do?admRulId=21174
2026-07-01,경기,성남시,수동,"국세청고시 제2026-19호(2026.7.1. 시행, 폐지제정) 별표4 지역기준(관할 세무서: 분당세무서) - 국가법령정보센터 행정규칙 텍스트레이어 직접 파싱. 실제로는 업종/면적 조건부 배제이나 단순화하여 전체 배제로 처리. 자동추출 특성상 일부 지역 누락 가능",국세청고시 제2026-19호 간이과세배제기준,https://www.law.go.kr/LSW/admRulLsInfoP.do?admRulId=21174
2026-07-01,경기,성남시,수진동,"국세청고시 제2026-19호(2026.7.1. 시행, 폐지제정) 별표4 지역기준(관할 세무서: 성남세무서) - 국가법령정보센터 행정규칙 텍스트레이어 직접 파싱. 실제로는 업종/면적 조건부 배제이나 단순화하여 전체 배제로 처리. 자동추출 특성상 일부 지역 누락 가능",국세청고시 제2026-19호 간이과세배제기준,https://www.law.go.kr/LSW/admRulLsInfoP.do?admRulId=21174
2026-07-01,경기,성남시,시흥동,"국세청고시 제2026-19호(2026.7.1. 시행, 폐지제정) 별표4 지역기준(관할 세무서: 성남세무서) - 국가법령정보센터 행정규칙 텍스트레이어 직접 파싱. 실제로는 업종/면적 조건부 배제이나 단순화하여 전체 배제로 처리. 자동추출 특성상 일부 지역 누락 가능",국세청고시 제2026-19호 간이과세배제기준,https://www.law.go.kr/LSW/admRulLsInfoP.do?admRulId=21174
2026-07-01,경기,성남시,신동,"국세청고시 제2026-19호(2026.7.1. 시행, 폐지제정) 별표4 지역기준(관할 세무서: 성남세무서) - 국가법령정보센터 행정규칙 텍스트레이어 직접 파싱. 실제로는 업종/면적 조건부 배제이나 단순화하여 전체 배제로 처리. 자동추출 특성상 일부 지역 누락 가능",국세청고시 제2026-19호 간이과세배제기준,https://www.law.go.kr/LSW/admRulLsInfoP.do?admRulId=21174
2026-07-01,경기,성남시,신흥동,"국세청고시 제2026-19호(2026.7.1. 시행, 폐지제정) 별표4 지역기준(관할 세무서: 성남세무서) - 국가법령정보센터 행정규칙 텍스트레이어 직접 파싱. 실제로는 업종/면적 조건부 배제이나 단순화하여 전체 배제로 처리. 자동추출 특성상 일부 지역 누락 가능",국세청고시 제2026-19호 간이과세배제기준,https://www.law.go.kr/LSW/admRulLsInfoP.do?admRulId=21174
2026-07-01,경기,성남시,야탑동,"국세청고시 제2026-19호(2026.7.1. 시행, 폐지제정) 별표4 지역기준(관할 세무서: 분당세무서) - 국가법령정보센터 행정규칙 텍스트레이어 직접 파싱. 실제로는 업종/면적 조건부 배제이나 단순화하여 전체 배제로 처리. 자동추출 특성상 일부 지역 누락 가능",국세청고시 제2026-19호 간이과세배제기준,https://www.law.go.kr/LSW/admRulLsInfoP.do?admRulId=21174
2026-07-01,경기,성남시,정자동,"국세청고시 제2026-19호(2026.7.1. 시행, 폐지제정) 별표4 지역기준(관할 세무서: 분당세무서) - 국가법령정보센터 행정규칙 텍스트레이어 직접 파싱. 실제로는 업종/면적 조건부 배제이나 단순화하여 전체 배제로 처리. 자동추출 특성상 일부 지역 누락 가능",국세청고시 제2026-19호 간이과세배제기준,https://www.law.go.kr/LSW/admRulLsInfoP.do?admRulId=21174
2026-07-01,경기,성남시,중앙동,"국세청고시 제2026-19호(2026.7.1. 시행, 폐지제정) 별표4 지역기준(관할 세무서: 성남세무서) - 국가법령정보센터 행정규칙 텍스트레이어 직접 파싱. 실제로는 업종/면적 조건부 배제이나 단순화하여 전체 배제로 처리. 자동추출 특성상 일부 지역 누락 가능",국세청고시 제2026-19호 간이과세배제기준,https://www.law.go.kr/LSW/admRulLsInfoP.do?admRulId=21174
2026-07-01,경기,성남시,창곡동,"국세청고시 제2026-19호(2026.7.1. 시행, 폐지제정) 별표4 지역기준(관할 세무서: 성남세무서) - 국가법령정보센터 행정규칙 텍스트레이어 직접 파싱. 실제로는 업종/면적 조건부 배제이나 단순화하여 전체 배제로 처리. 자동추출 특성상 일부 지역 누락 가능",국세청고시 제2026-19호 간이과세배제기준,https://www.law.go.kr/LSW/admRulLsInfoP.do?admRulId=21174
2026-07-01,경기,성남시,태평동,"국세청고시 제2026-19호(2026.7.1. 시행, 폐지제정) 별표4 지역기준(관할 세무서: 성남세무서) - 국가법령정보센터 행정규칙 텍스트레이어 직접 파싱. 실제로는 업종/면적 조건부 배제이나 단순화하여 전체 배제로 처리. 자동추출 특성상 일부 지역 누락 가능",국세청고시 제2026-19호 간이과세배제기준,https://www.law.go.kr/LSW/admRulLsInfoP.do?admRulId=21174
2026-07-01,경기,성남시,현동,"국세청고시 제2026-19호(2026.7.1. 시행, 폐지제정) 별표4 지역기준(관할 세무서: 분당세무서) - 국가법령정보센터 행정규칙 텍스트레이어 직접 파싱. 실제로는 업종/면적 조건부 배제이나 단순화하여 전체 배제로 처리. 자동추출 특성상 일부 지역 누락 가능",국세청고시 제2026-19호 간이과세배제기준,https://www.law.go.kr/LSW/admRulLsInfoP.do?admRulId=21174
2026-07-01,경기,수원시,구운동,"국세청고시 제2026-19호(2026.7.1. 시행, 폐지제정) 별표4 지역기준(관할 세무서: 수원세무서) - 국가법령정보센터 행정규칙 텍스트레이어 직접 파싱. 실제로는 업종/면적 조건부 배제이나 단순화하여 전체 배제로 처리. 자동추출 특성상 일부 지역 누락 가능",국세청고시 제2026-19호 간이과세배제기준,https://www.law.go.kr/LSW/admRulLsInfoP.do?admRulId=21174
2026-07-01,경기,수원시,권선동,"국세청고시 제2026-19호(2026.7.1. 시행, 폐지제정) 별표4 지역기준(관할 세무서: 동수원세무서) - 국가법령정보센터 행정규칙 텍스트레이어 직접 파싱. 실제로는 업종/면적 조건부 배제이나 단순화하여 전체 배제로 처리. 자동추출 특성상 일부 지역 누락 가능",국세청고시 제2026-19호 간이과세배제기준,https://www.law.go.kr/LSW/admRulLsInfoP.do?admRulId=21174
2026-07-01,경기,수원시,금곡동,"국세청고시 제2026-19호(2026.7.1. 시행, 폐지제정) 별표4 지역기준(관할 세무서: 수원세무서) - 국가법령정보센터 행정규칙 텍스트레이어 직접 파싱. 실제로는 업종/면적 조건부 배제이나 단순화하여 전체 배제로 처리. 자동추출 특성상 일부 지역 누락 가능",국세청고시 제2026-19호 간이과세배제기준,https://www.law.go.kr/LSW/admRulLsInfoP.do?admRulId=21174
2026-07-01,경기,수원시,매산로1가,"국세청고시 제2026-19호(2026.7.1. 시행, 폐지제정) 별표4 지역기준(관할 세무서: 수원세무서) - 국가법령정보센터 행정규칙 텍스트레이어 직접 파싱. 실제로는 업종/면적 조건부 배제이나 단순화하여 전체 배제로 처리. 자동추출 특성상 일부 지역 누락 가능",국세청고시 제2026-19호 간이과세배제기준,https://www.law.go.kr/LSW/admRulLsInfoP.do?admRulId=21174
2026-07-01,경기,수원시,매산로2가,"국세청고시 제2026-19호(2026.7.1. 시행, 폐지제정) 별표4 지역기준(관할 세무서: 수원세무서) - 국가법령정보센터 행정규칙 텍스트레이어 직접 파싱. 실제로는 업종/면적 조건부 배제이나 단순화하여 전체 배제로 처리. 자동추출 특성상 일부 지역 누락 가능",국세청고시 제2026-19호 간이과세배제기준,https://www.law.go.kr/LSW/admRulLsInfoP.do?admRulId=21174
2026-07-01,경기,수원시,매탄동,"국세청고시 제2026-19호(2026.7.1. 시행, 폐지제정) 별표4 지역기준(관할 세무서: 동수원세무서) - 국가법령정보센터 행정규칙 텍스트레이어 직접 파싱. 실제로는 업종/면적 조건부 배제이나 단순화하여 전체 배제로 처리. 자동추출 특성상 일부 지역 누락 가능",국세청고시 제2026-19호 간이과세배제기준,https://www.law.go.kr/LSW/admRulLsInfoP.do?admRulId=21174
2026-07-01,경기,수원시,서둔동,"국세청고시 제2026-19호(2026.7.1. 시행, 폐지제정) 별표4 지역기준(관할 세무서: 수원세무서) - 국가법령정보센터 행정규칙 텍스트레이어 직접 파싱. 실제로는 업종/면적 조건부 배제이나 단순화하여 전체 배제로 처리. 자동추출 특성상 일부 지역 누락 가능",국세청고시 제2026-19호 간이과세배제기준,https://www.law.go.kr/LSW/admRulLsInfoP.do?admRulId=21174
2026-07-01,경기,수원시,신동,"국세청고시 제2026-19호(2026.7.1. 시행, 폐지제정) 별표4 지역기준(관할 세무서: 동수원세무서) - 국가법령정보센터 행정규칙 텍스트레이어 직접 파싱. 실제로는 업종/면적 조건부 배제이나 단순화하여 전체 배제로 처리. 자동추출 특성상 일부 지역 누락 가능",국세청고시 제2026-19호 간이과세배제기준,https://www.law.go.kr/LSW/admRulLsInfoP.do?admRulId=21174
2026-07-01,경기,수원시,영통동,"국세청고시 제2026-19호(2026.7.1. 시행, 폐지제정) 별표4 지역기준(관할 세무서: 동수원세무서) - 국가법령정보센터 행정규칙 텍스트레이어 직접 파싱. 실제로는 업종/면적 조건부 배제이나 단순화하여 전체 배제로 처리. 자동추출 특성상 일부 지역 누락 가능",국세청고시 제2026-19호 간이과세배제기준,https://www.law.go.kr/LSW/admRulLsInfoP.do?admRulId=21174
2026-07-01,경기,수원시,원천동,"국세청고시 제2026-19호(2026.7.1. 시행, 폐지제정) 별표4 지역기준(관할 세무서: 동수원세무서) - 국가법령정보센터 행정규칙 텍스트레이어 직접 파싱. 실제로는 업종/면적 조건부 배제이나 단순화하여 전체 배제로 처리. 자동추출 특성상 일부 지역 누락 가능",국세청고시 제2026-19호 간이과세배제기준,https://www.law.go.kr/LSW/admRulLsInfoP.do?admRulId=21174
2026-07-01,경기,수원시,이의동,"국세청고시 제2026-19호(2026.7.1. 시행, 폐지제정) 별표4 지역기준(관할 세무서: 동수원세무서) - 국가법령정보센터 행정규칙 텍스트레이어 직접 파싱. 실제로는 업종/면적 조건부 배제이나 단순화하여 전체 배제로 처리. 자동추출 특성상 일부 지역 누락 가능",국세청고시 제2026-19호 간이과세배제기준,https://www.law.go.kr/LSW/admRulLsInfoP.do?admRulId=21174
2026-07-01,경기,수원시,인계동,"국세청고시 제2026-19호(2026.7.1. 시행, 폐지제정) 별표4 지역기준(관할 세무서: 수원세무서) - 국가법령정보센터 행정규칙 텍스트레이어 직접 파싱. 실제로는 업종/면적 조건부 배제이나 단순화하여 전체 배제로 처리. 자동추출 특성상 일부 지역 누락 가능",국세청고시 제2026-19호 간이과세배제기준,https://www.law.go.kr/LSW/admRulLsInfoP.do?admRulId=21174
2026-07-01,경기,수원시,정자동,"국세청고시 제2026-19호(2026.7.1. 시행, 폐지제정) 별표4 지역기준(관할 세무서: 수원세무서) - 국가법령정보센터 행정규칙 텍스트레이어 직접 파싱. 실제로는 업종/면적 조건부 배제이나 단순화하여 전체 배제로 처리. 자동추출 특성상 일부 지역 누락 가능",국세청고시 제2026-19호 간이과세배제기준,https://www.law.go.kr/LSW/admRulLsInfoP.do?admRulId=21174
2026-07-01,경기,수원시,조원동,"국세청고시 제2026-19호(2026.7.1. 시행, 폐지제정) 별표4 지역기준(관할 세무서: 수원세무서) - 국가법령정보센터 행정규칙 텍스트레이어 직접 파싱. 실제로는 업종/면적 조건부 배제이나 단순화하여 전체 배제로 처리. 자동추출 특성상 일부 지역 누락 가능",국세청고시 제2026-19호 간이과세배제기준,https://www.law.go.kr/LSW/admRulLsInfoP.do?admRulId=21174
2026-07-01,경기,수원시,천천동,"국세청고시 제2026-19호(2026.7.1. 시행, 폐지제정) 별표4 지역기준(관할 세무서: 수원세무서) - 국가법령정보센터 행정규칙 텍스트레이어 직접 파싱. 실제로는 업종/면적 조건부 배제이나 단순화하여 전체 배제로 처리. 자동추출 특성상 일부 지역 누락 가능",국세청고시 제2026-19호 간이과세배제기준,https://www.law.go.kr/LSW/admRulLsInfoP.do?admRulId=21174
2026-07-01,경기,수원시,통동,"국세청고시 제2026-19호(2026.7.1. 시행, 폐지제정) 별표4 지역기준(관할 세무서: 동수원세무서) - 국가법령정보센터 행정규칙 텍스트레이어 직접 파싱. 실제로는 업종/면적 조건부 배제이나 단순화하여 전체 배제로 처리. 자동추출 특성상 일부 지역 누락 가능",국세청고시 제2026-19호 간이과세배제기준,https://www.law.go.kr/LSW/admRulLsInfoP.do?admRulId=21174
2026-07-01,경기,수원시,포동,"국세청고시 제2026-19호(2026.7.1. 시행, 폐지제정) 별표4 지역기준(관할 세무서: 동수원세무서) - 국가법령정보센터 행정규칙 텍스트레이어 직접 파싱. 실제로는 업종/면적 조건부 배제이나 단순화하여 전체 배제로 처리. 자동추출 특성상 일부 지역 누락 가능",국세청고시 제2026-19호 간이과세배제기준,https://www.law.go.kr/LSW/admRulLsInfoP.do?admRulId=21174
2026-07-01,경기,수원시,하동,"국세청고시 제2026-19호(2026.7.1. 시행, 폐지제정) 별표4 지역기준(관할 세무서: 동수원세무서) - 국가법령정보센터 행정규칙 텍스트레이어 직접 파싱. 실제로는 업종/면적 조건부 배제이나 단순화하여 전체 배제로 처리. 자동추출 특성상 일부 지역 누락 가능",국세청고시 제2026-19호 간이과세배제기준,https://www.law.go.kr/LSW/admRulLsInfoP.do?admRulId=21174
2026-07-01,경기,시흥시,대야동,"국세청고시 제2026-19호(2026.7.1. 시행, 폐지제정) 별표4 지역기준(관할 세무서: 시흥세무서) - 국가법령정보센터 행정규칙 텍스트레이어 직접 파싱. 실제로는 업종/면적 조건부 배제이나 단순화하여 전체 배제로 처리. 자동추출 특성상 일부 지역 누락 가능",국세청고시 제2026-19호 간이과세배제기준,https://www.law.go.kr/LSW/admRulLsInfoP.do?admRulId=21174
2026-07-01,경기,시흥시,정왕동,"국세청고시 제2026-19호(2026.7.1. 시행, 폐지제정) 별표4 지역기준(관할 세무서: 시흥세무서) - 국가법령정보센터 행정규칙 텍스트레이어 직접 파싱. 실제로는 업종/면적 조건부 배제이나 단순화하여 전체 배제로 처리. 자동추출 특성상 일부 지역 누락 가능",국세청고시 제2026-19호 간이과세배제기준,https://www.law.go.kr/LSW/admRulLsInfoP.do?admRulId=21174
2026-07-01,경기,안산시,고잔동,"국세청고시 제2026-19호(2026.7.1. 시행, 폐지제정) 별표4 지역기준(관할 세무서: 안산세무서) - 국가법령정보센터 행정규칙 텍스트레이어 직접 파싱. 실제로는 업종/면적 조건부 배제이나 단순화하여 전체 배제로 처리. 자동추출 특성상 일부 지역 누락 가능",국세청고시 제2026-19호 간이과세배제기준,https://www.law.go.kr/LSW/admRulLsInfoP.do?admRulId=21174
2026-07-01,경기,안산시,본오동,"국세청고시 제2026-19호(2026.7.1. 시행, 폐지제정) 별표4 지역기준(관할 세무서: 동안산세무서) - 국가법령정보센터 행정규칙 텍스트레이어 직접 파싱. 실제로는 업종/면적 조건부 배제이나 단순화하여 전체 배제로 처리. 자동추출 특성상 일부 지역 누락 가능",국세청고시 제2026-19호 간이과세배제기준,https://www.law.go.kr/LSW/admRulLsInfoP.do?admRulId=21174
2026-07-01,경기,안산시,선부동,"국세청고시 제2026-19호(2026.7.1. 시행, 폐지제정) 별표4 지역기준(관할 세무서: 안산세무서) - 국가법령정보센터 행정규칙 텍스트레이어 직접 파싱. 실제로는 업종/면적 조건부 배제이나 단순화하여 전체 배제로 처리. 자동추출 특성상 일부 지역 누락 가능",국세청고시 제2026-19호 간이과세배제기준,https://www.law.go.kr/LSW/admRulLsInfoP.do?admRulId=21174
2026-07-01,경기,안산시,성포동,"국세청고시 제2026-19호(2026.7.1. 시행, 폐지제정) 별표4 지역기준(관할 세무서: 동안산세무서) - 국가법령정보센터 행정규칙 텍스트레이어 직접 파싱. 실제로는 업종/면적 조건부 배제이나 단순화하여 전체 배제로 처리. 자동추출 특성상 일부 지역 누락 가능",국세청고시 제2026-19호 간이과세배제기준,https://www.law.go.kr/LSW/admRulLsInfoP.do?admRulId=21174
2026-07-01,경기,안산시,신길동,"국세청고시 제2026-19호(2026.7.1. 시행, 폐지제정) 별표4 지역기준(관할 세무서: 안산세무서) - 국가법령정보센터 행정규칙 텍스트레이어 직접 파싱. 실제로는 업종/면적 조건부 배제이나 단순화하여 전체 배제로 처리. 자동추출 특성상 일부 지역 누락 가능",국세청고시 제2026-19호 간이과세배제기준,https://www.law.go.kr/LSW/admRulLsInfoP.do?admRulId=21174
2026-07-01,경기,안산시,초지동,"국세청고시 제2026-19호(2026.7.1. 시행, 폐지제정) 별표4 지역기준(관할 세무서: 안산세무서) - 국가법령정보센터 행정규칙 텍스트레이어 직접 파싱. 실제로는 업종/면적 조건부 배제이나 단순화하여 전체 배제로 처리. 자동추출 특성상 일부 지역 누락 가능",국세청고시 제2026-19호 간이과세배제기준,https://www.law.go.kr/LSW/admRulLsInfoP.do?admRulId=21174
2026-07-01,경기,안양시,관동,"국세청고시 제2026-19호(2026.7.1. 시행, 폐지제정) 별표4 지역기준(관할 세무서: 동안양세무서) - 국가법령정보센터 행정규칙 텍스트레이어 직접 파싱. 실제로는 업종/면적 조건부 배제이나 단순화하여 전체 배제로 처리. 자동추출 특성상 일부 지역 누락 가능",국세청고시 제2026-19호 간이과세배제기준,https://www.law.go.kr/LSW/admRulLsInfoP.do?admRulId=21174
2026-07-01,경기,안양시,관양동,"국세청고시 제2026-19호(2026.7.1. 시행, 폐지제정) 별표4 지역기준(관할 세무서: 동안양세무서) - 국가법령정보센터 행정규칙 텍스트레이어 직접 파싱. 실제로는 업종/면적 조건부 배제이나 단순화하여 전체 배제로 처리. 자동추출 특성상 일부 지역 누락 가능",국세청고시 제2026-19호 간이과세배제기준,https://www.law.go.kr/LSW/admRulLsInfoP.do?admRulId=21174
2026-07-01,경기,안양시,금정동,"국세청고시 제2026-19호(2026.7.1. 시행, 폐지제정) 별표4 지역기준(관할 세무서: 안양세무서) - 국가법령정보센터 행정규칙 텍스트레이어 직접 파싱. 실제로는 업종/면적 조건부 배제이나 단순화하여 전체 배제로 처리. 자동추출 특성상 일부 지역 누락 가능",국세청고시 제2026-19호 간이과세배제기준,https://www.law.go.kr/LSW/admRulLsInfoP.do?admRulId=21174
2026-07-01,경기,안양시,내손동,"국세청고시 제2026-19호(2026.7.1. 시행, 폐지제정) 별표4 지역기준(관할 세무서: 동안양세무서) - 국가법령정보센터 행정규칙 텍스트레이어 직접 파싱. 실제로는 업종/면적 조건부 배제이나 단순화하여 전체 배제로 처리. 자동추출 특성상 일부 지역 누락 가능",국세청고시 제2026-19호 간이과세배제기준,https://www.law.go.kr/LSW/admRulLsInfoP.do?admRulId=21174
2026-07-01,경기,안양시,막계동,"국세청고시 제2026-19호(2026.7.1. 시행, 폐지제정) 별표4 지역기준(관할 세무서: 동안양세무서) - 국가법령정보센터 행정규칙 텍스트레이어 직접 파싱. 실제로는 업종/면적 조건부 배제이나 단순화하여 전체 배제로 처리. 자동추출 특성상 일부 지역 누락 가능",국세청고시 제2026-19호 간이과세배제기준,https://www.law.go.kr/LSW/admRulLsInfoP.do?admRulId=21174
2026-07-01,경기,안양시,비산동,"국세청고시 제2026-19호(2026.7.1. 시행, 폐지제정) 별표4 지역기준(관할 세무서: 동안양세무서) - 국가법령정보센터 행정규칙 텍스트레이어 직접 파싱. 실제로는 업종/면적 조건부 배제이나 단순화하여 전체 배제로 처리. 자동추출 특성상 일부 지역 누락 가능",국세청고시 제2026-19호 간이과세배제기준,https://www.law.go.kr/LSW/admRulLsInfoP.do?admRulId=21174
2026-07-01,경기,안양시,산본동,"국세청고시 제2026-19호(2026.7.1. 시행, 폐지제정) 별표4 지역기준(관할 세무서: 안양세무서) - 국가법령정보센터 행정규칙 텍스트레이어 직접 파싱. 실제로는 업종/면적 조건부 배제이나 단순화하여 전체 배제로 처리. 자동추출 특성상 일부 지역 누락 가능",국세청고시 제2026-19호 간이과세배제기준,https://www.law.go.kr/LSW/admRulLsInfoP.do?admRulId=21174
2026-07-01,경기,안양시,안양동,"국세청고시 제2026-19호(2026.7.1. 시행, 폐지제정) 별표4 지역기준(관할 세무서: 안양세무서) - 국가법령정보센터 행정규칙 텍스트레이어 직접 파싱. 실제로는 업종/면적 조건부 배제이나 단순화하여 전체 배제로 처리. 자동추출 특성상 일부 지역 누락 가능",국세청고시 제2026-19호 간이과세배제기준,https://www.law.go.kr/LSW/admRulLsInfoP.do?admRulId=21174
2026-07-01,경기,안양시,오전동,"국세청고시 제2026-19호(2026.7.1. 시행, 폐지제정) 별표4 지역기준(관할 세무서: 동안양세무서) - 국가법령정보센터 행정규칙 텍스트레이어 직접 파싱. 실제로는 업종/면적 조건부 배제이나 단순화하여 전체 배제로 처리. 자동추출 특성상 일부 지역 누락 가능",국세청고시 제2026-19호 간이과세배제기준,https://www.law.go.kr/LSW/admRulLsInfoP.do?admRulId=21174
2026-07-01,경기,안양시,주암동,"국세청고시 제2026-19호(2026.7.1. 시행, 폐지제정) 별표4 지역기준(관할 세무서: 동안양세무서) - 국가법령정보센터 행정규칙 텍스트레이어 직접 파싱. 실제로는 업종/면적 조건부 배제이나 단순화하여 전체 배제로 처리. 자동추출 특성상 일부 지역 누락 가능",국세청고시 제2026-19호 간이과세배제기준,https://www.law.go.kr/LSW/admRulLsInfoP.do?admRulId=21174
2026-07-01,경기,안양시,청계동,"국세청고시 제2026-19호(2026.7.1. 시행, 폐지제정) 별표4 지역기준(관할 세무서: 동안양세무서) - 국가법령정보센터 행정규칙 텍스트레이어 직접 파싱. 실제로는 업종/면적 조건부 배제이나 단순화하여 전체 배제로 처리. 자동추출 특성상 일부 지역 누락 가능",국세청고시 제2026-19호 간이과세배제기준,https://www.law.go.kr/LSW/admRulLsInfoP.do?admRulId=21174
2026-07-01,경기,안양시,평촌동,"국세청고시 제2026-19호(2026.7.1. 시행, 폐지제정) 별표4 지역기준(관할 세무서: 동안양세무서) - 국가법령정보센터 행정규칙 텍스트레이어 직접 파싱. 실제로는 업종/면적 조건부 배제이나 단순화하여 전체 배제로 처리. 자동추출 특성상 일부 지역 누락 가능",국세청고시 제2026-19호 간이과세배제기준,https://www.law.go.kr/LSW/admRulLsInfoP.do?admRulId=21174
2026-07-01,경기,안양시,학의동,"국세청고시 제2026-19호(2026.7.1. 시행, 폐지제정) 별표4 지역기준(관할 세무서: 동안양세무서) - 국가법령정보센터 행정규칙 텍스트레이어 직접 파싱. 실제로는 업종/면적 조건부 배제이나 단순화하여 전체 배제로 처리. 자동추출 특성상 일부 지역 누락 가능",국세청고시 제2026-19호 간이과세배제기준,https://www.law.go.kr/LSW/admRulLsInfoP.do?admRulId=21174
2026-07-01,경기,안양시,호계동,"국세청고시 제2026-19호(2026.7.1. 시행, 폐지제정) 별표4 지역기준(관할 세무서: 동안양세무서) - 국가법령정보센터 행정규칙 텍스트레이어 직접 파싱. 실제로는 업종/면적 조건부 배제이나 단순화하여 전체 배제로 처리. 자동추출 특성상 일부 지역 누락 가능",국세청고시 제2026-19호 간이과세배제기준,https://www.law.go.kr/LSW/admRulLsInfoP.do?admRulId=21174
2026-07-01,경기,용인시,고매동,"국세청고시 제2026-19호(2026.7.1. 시행, 폐지제정) 별표4 지역기준(관할 세무서: 기흥세무서) - 국가법령정보센터 행정규칙 텍스트레이어 직접 파싱. 실제로는 업종/면적 조건부 배제이나 단순화하여 전체 배제로 처리. 자동추출 특성상 일부 지역 누락 가능",국세청고시 제2026-19호 간이과세배제기준,https://www.law.go.kr/LSW/admRulLsInfoP.do?admRulId=21174
2026-07-01,경기,용인시,구갈동,"국세청고시 제2026-19호(2026.7.1. 시행, 폐지제정) 별표4 지역기준(관할 세무서: 기흥세무서) - 국가법령정보센터 행정규칙 텍스트레이어 직접 파싱. 실제로는 업종/면적 조건부 배제이나 단순화하여 전체 배제로 처리. 자동추출 특성상 일부 지역 누락 가능",국세청고시 제2026-19호 간이과세배제기준,https://www.law.go.kr/LSW/admRulLsInfoP.do?admRulId=21174
2026-07-01,경기,용인시,보동,"국세청고시 제2026-19호(2026.7.1. 시행, 폐지제정) 별표4 지역기준(관할 세무서: 기흥세무서) - 국가법령정보센터 행정규칙 텍스트레이어 직접 파싱. 실제로는 업종/면적 조건부 배제이나 단순화하여 전체 배제로 처리. 자동추출 특성상 일부 지역 누락 가능",국세청고시 제2026-19호 간이과세배제기준,https://www.law.go.kr/LSW/admRulLsInfoP.do?admRulId=21174
2026-07-01,경기,용인시,보라동,"국세청고시 제2026-19호(2026.7.1. 시행, 폐지제정) 별표4 지역기준(관할 세무서: 기흥세무서) - 국가법령정보센터 행정규칙 텍스트레이어 직접 파싱. 실제로는 업종/면적 조건부 배제이나 단순화하여 전체 배제로 처리. 자동추출 특성상 일부 지역 누락 가능",국세청고시 제2026-19호 간이과세배제기준,https://www.law.go.kr/LSW/admRulLsInfoP.do?admRulId=21174
2026-07-01,경기,용인시,보정동,"국세청고시 제2026-19호(2026.7.1. 시행, 폐지제정) 별표4 지역기준(관할 세무서: 기흥세무서) - 국가법령정보센터 행정규칙 텍스트레이어 직접 파싱. 실제로는 업종/면적 조건부 배제이나 단순화하여 전체 배제로 처리. 자동추출 특성상 일부 지역 누락 가능",국세청고시 제2026-19호 간이과세배제기준,https://www.law.go.kr/LSW/admRulLsInfoP.do?admRulId=21174
2026-07-01,경기,용인시,북동,"국세청고시 제2026-19호(2026.7.1. 시행, 폐지제정) 별표4 지역기준(관할 세무서: 용인세무서) - 국가법령정보센터 행정규칙 텍스트레이어 직접 파싱. 실제로는 업종/면적 조건부 배제이나 단순화하여 전체 배제로 처리. 자동추출 특성상 일부 지역 누락 가능",국세청고시 제2026-19호 간이과세배제기준,https://www.law.go.kr/LSW/admRulLsInfoP.do?admRulId=21174
2026-07-01,경기,용인시,성복동,"국세청고시 제2026-19호(2026.7.1. 시행, 폐지제정) 별표4 지역기준(관할 세무서: 용인세무서) - 국가법령정보센터 행정규칙 텍스트레이어 직접 파싱. 실제로는 업종/면적 조건부 배제이나 단순화하여 전체 배제로 처리. 자동추출 특성상 일부 지역 누락 가능",국세청고시 제2026-19호 간이과세배제기준,https://www.law.go.kr/LSW/admRulLsInfoP.do?admRulId=21174
2026-07-01,경기,용인시,신갈동,"국세청고시 제2026-19호(2026.7.1. 시행, 폐지제정) 별표4 지역기준(관할 세무서: 기흥세무서) - 국가법령정보센터 행정규칙 텍스트레이어 직접 파싱. 실제로는 업종/면적 조건부 배제이나 단순화하여 전체 배제로 처리. 자동추출 특성상 일부 지역 누락 가능",국세청고시 제2026-19호 간이과세배제기준,https://www.law.go.kr/LSW/admRulLsInfoP.do?admRulId=21174
2026-07-01,경기,용인시,신봉동,"국세청고시 제2026-19호(2026.7.1. 시행, 폐지제정) 별표4 지역기준(관할 세무서: 용인세무서) - 국가법령정보센터 행정규칙 텍스트레이어 직접 파싱. 실제로는 업종/면적 조건부 배제이나 단순화하여 전체 배제로 처리. 자동추출 특성상 일부 지역 누락 가능",국세청고시 제2026-19호 간이과세배제기준,https://www.law.go.kr/LSW/admRulLsInfoP.do?admRulId=21174
2026-07-01,경기,용인시,역북동,"국세청고시 제2026-19호(2026.7.1. 시행, 폐지제정) 별표4 지역기준(관할 세무서: 용인세무서) - 국가법령정보센터 행정규칙 텍스트레이어 직접 파싱. 실제로는 업종/면적 조건부 배제이나 단순화하여 전체 배제로 처리. 자동추출 특성상 일부 지역 누락 가능",국세청고시 제2026-19호 간이과세배제기준,https://www.law.go.kr/LSW/admRulLsInfoP.do?admRulId=21174
2026-07-01,경기,용인시,영덕동,"국세청고시 제2026-19호(2026.7.1. 시행, 폐지제정) 별표4 지역기준(관할 세무서: 기흥세무서) - 국가법령정보센터 행정규칙 텍스트레이어 직접 파싱. 실제로는 업종/면적 조건부 배제이나 단순화하여 전체 배제로 처리. 자동추출 특성상 일부 지역 누락 가능",국세청고시 제2026-19호 간이과세배제기준,https://www.law.go.kr/LSW/admRulLsInfoP.do?admRulId=21174
2026-07-01,경기,용인시,전대리,"국세청고시 제2026-19호(2026.7.1. 시행, 폐지제정) 별표4 지역기준(관할 세무서: 용인세무서) - 국가법령정보센터 행정규칙 텍스트레이어 직접 파싱. 실제로는 업종/면적 조건부 배제이나 단순화하여 전체 배제로 처리. 자동추출 특성상 일부 지역 누락 가능",국세청고시 제2026-19호 간이과세배제기준,https://www.law.go.kr/LSW/admRulLsInfoP.do?admRulId=21174
2026-07-01,경기,용인시,죽전동,"국세청고시 제2026-19호(2026.7.1. 시행, 폐지제정) 별표4 지역기준(관할 세무서: 용인세무서) - 국가법령정보센터 행정규칙 텍스트레이어 직접 파싱. 실제로는 업종/면적 조건부 배제이나 단순화하여 전체 배제로 처리. 자동추출 특성상 일부 지역 누락 가능",국세청고시 제2026-19호 간이과세배제기준,https://www.law.go.kr/LSW/admRulLsInfoP.do?admRulId=21174
2026-07-01,경기,용인시,중동,"국세청고시 제2026-19호(2026.7.1. 시행, 폐지제정) 별표4 지역기준(관할 세무서: 기흥세무서) - 국가법령정보센터 행정규칙 텍스트레이어 직접 파싱. 실제로는 업종/면적 조건부 배제이나 단순화하여 전체 배제로 처리. 자동추출 특성상 일부 지역 누락 가능",국세청고시 제2026-19호 간이과세배제기준,https://www.law.go.kr/LSW/admRulLsInfoP.do?admRulId=21174
2026-07-01,경기,의정부시,민락동,"국세청고시 제2026-19호(2026.7.1. 시행, 폐지제정) 별표4 지역기준(관할 세무서: 의정부세무서) - 국가법령정보센터 행정규칙 텍스트레이어 직접 파싱. 실제로는 업종/면적 조건부 배제이나 단순화하여 전체 배제로 처리. 자동추출 특성상 일부 지역 누락 가능",국세청고시 제2026-19호 간이과세배제기준,https://www.law.go.kr/LSW/admRulLsInfoP.do?admRulId=21174
2026-07-01,경기,의정부시,의정부동,"국세청고시 제2026-19호(2026.7.1. 시행, 폐지제정) 별표4 지역기준(관할 세무서: 의정부세무서) - 국가법령정보센터 행정규칙 텍스트레이어 직접 파싱. 실제로는 업종/면적 조건부 배제이나 단순화하여 전체 배제로 처리. 자동추출 특성상 일부 지역 누락 가능",국세청고시 제2026-19호 간이과세배제기준,https://www.law.go.kr/LSW/admRulLsInfoP.do?admRulId=21174
2026-07-01,경기,이천시,옥천면,"국세청고시 제2026-19호(2026.7.1. 시행, 폐지제정) 별표4 지역기준(관할 세무서: 이천세무서) - 국가법령정보센터 행정규칙 텍스트레이어 직접 파싱. 실제로는 업종/면적 조건부 배제이나 단순화하여 전체 배제로 처리. 자동추출 특성상 일부 지역 누락 가능",국세청고시 제2026-19호 간이과세배제기준,https://www.law.go.kr/LSW/admRulLsInfoP.do?admRulId=21174
2026-07-01,경기,이천시,증포동,"국세청고시 제2026-19호(2026.7.1. 시행, 폐지제정) 별표4 지역기준(관할 세무서: 이천세무서) - 국가법령정보센터 행정규칙 텍스트레이어 직접 파싱. 실제로는 업종/면적 조건부 배제이나 단순화하여 전체 배제로 처리. 자동추출 특성상 일부 지역 누락 가능",국세청고시 제2026-19호 간이과세배제기준,https://www.law.go.kr/LSW/admRulLsInfoP.do?admRulId=21174
2026-07-01,경기,이천시,홍문동,"국세청고시 제2026-19호(2026.7.1. 시행, 폐지제정) 별표4 지역기준(관할 세무서: 이천세무서) - 국가법령정보센터 행정규칙 텍스트레이어 직접 파싱. 실제로는 업종/면적 조건부 배제이나 단순화하여 전체 배제로 처리. 자동추출 특성상 일부 지역 누락 가능",국세청고시 제2026-19호 간이과세배제기준,https://www.law.go.kr/LSW/admRulLsInfoP.do?admRulId=21174
2026-07-01,경기,파주시,금촌동,"국세청고시 제2026-19호(2026.7.1. 시행, 폐지제정) 별표4 지역기준(관할 세무서: 파주세무서) - 국가법령정보센터 행정규칙 텍스트레이어 직접 파싱. 실제로는 업종/면적 조건부 배제이나 단순화하여 전체 배제로 처리. 자동추출 특성상 일부 지역 누락 가능",국세청고시 제2026-19호 간이과세배제기준,https://www.law.go.kr/LSW/admRulLsInfoP.do?admRulId=21174
2026-07-01,경기,파주시,문발동,"국세청고시 제2026-19호(2026.7.1. 시행, 폐지제정) 별표4 지역기준(관할 세무서: 파주세무서) - 국가법령정보센터 행정규칙 텍스트레이어 직접 파싱. 실제로는 업종/면적 조건부 배제이나 단순화하여 전체 배제로 처리. 자동추출 특성상 일부 지역 누락 가능",국세청고시 제2026-19호 간이과세배제기준,https://www.law.go.kr/LSW/admRulLsInfoP.do?admRulId=21174
2026-07-01,경기,파주시,법흥리,"국세청고시 제2026-19호(2026.7.1. 시행, 폐지제정) 별표4 지역기준(관할 세무서: 파주세무서) - 국가법령정보센터 행정규칙 텍스트레이어 직접 파싱. 실제로는 업종/면적 조건부 배제이나 단순화하여 전체 배제로 처리. 자동추출 특성상 일부 지역 누락 가능",국세청고시 제2026-19호 간이과세배제기준,https://www.law.go.kr/LSW/admRulLsInfoP.do?admRulId=21174
2026-07-01,경기,파주시,야당동,"국세청고시 제2026-19호(2026.7.1. 시행, 폐지제정) 별표4 지역기준(관할 세무서: 파주세무서) - 국가법령정보센터 행정규칙 텍스트레이어 직접 파싱. 실제로는 업종/면적 조건부 배제이나 단순화하여 전체 배제로 처리. 자동추출 특성상 일부 지역 누락 가능",국세청고시 제2026-19호 간이과세배제기준,https://www.law.go.kr/LSW/admRulLsInfoP.do?admRulId=21174
2026-07-01,경기,포천시,소흘읍,"국세청고시 제2026-19호(2026.7.1. 시행, 폐지제정) 별표4 지역기준(관할 세무서: 포천세무서) - 국가법령정보센터 행정규칙 텍스트레이어 직접 파싱. 실제로는 업종/면적 조건부 배제이나 단순화하여 전체 배제로 처리. 자동추출 특성상 일부 지역 누락 가능",국세청고시 제2026-19호 간이과세배제기준,https://www.law.go.kr/LSW/admRulLsInfoP.do?admRulId=21174
2026-07-01,경기,화성시,능동,"국세청고시 제2026-19호(2026.7.1. 시행, 폐지제정) 별표4 지역기준(관할 세무서: 동화성세무서) - 국가법령정보센터 행정규칙 텍스트레이어 직접 파싱. 실제로는 업종/면적 조건부 배제이나 단순화하여 전체 배제로 처리. 자동추출 특성상 일부 지역 누락 가능",국세청고시 제2026-19호 간이과세배제기준,https://www.law.go.kr/LSW/admRulLsInfoP.do?admRulId=21174
2026-07-01,경기,화성시,반송동,"국세청고시 제2026-19호(2026.7.1. 시행, 폐지제정) 별표4 지역기준(관할 세무서: 동화성세무서) - 국가법령정보센터 행정규칙 텍스트레이어 직접 파싱. 실제로는 업종/면적 조건부 배제이나 단순화하여 전체 배제로 처리. 자동추출 특성상 일부 지역 누락 가능",국세청고시 제2026-19호 간이과세배제기준,https://www.law.go.kr/LSW/admRulLsInfoP.do?admRulId=21174
2026-07-01,경기,화성시,방교동,"국세청고시 제2026-19호(2026.7.1. 시행, 폐지제정) 별표4 지역기준(관할 세무서: 동화성세무서) - 국가법령정보센터 행정규칙 텍스트레이어 직접 파싱. 실제로는 업종/면적 조건부 배제이나 단순화하여 전체 배제로 처리. 자동추출 특성상 일부 지역 누락 가능",국세청고시 제2026-19호 간이과세배제기준,https://www.law.go.kr/LSW/admRulLsInfoP.do?admRulId=21174
2026-07-01,경기,화성시,병점동,"국세청고시 제2026-19호(2026.7.1. 시행, 폐지제정) 별표4 지역기준(관할 세무서: 동화성세무서) - 국가법령정보센터 행정규칙 텍스트레이어 직접 파싱. 실제로는 업종/면적 조건부 배제이나 단순화하여 전체 배제로 처리. 자동추출 특성상 일부 지역 누락 가능",국세청고시 제2026-19호 간이과세배제기준,https://www.law.go.kr/LSW/admRulLsInfoP.do?admRulId=21174
2026-07-01,경기,화성시,봉담동,"국세청고시 제2026-19호(2026.7.1. 시행, 폐지제정) 별표4 지역기준(관할 세무서: 화성세무서) - 국가법령정보센터 행정규칙 텍스트레이어 직접 파싱. 실제로는 업종/면적 조건부 배제이나 단순화하여 전체 배제로 처리. 자동추출 특성상 일부 지역 누락 가능",국세청고시 제2026-19호 간이과세배제기준,https://www.law.go.kr/LSW/admRulLsInfoP.do?admRulId=21174
2026-07-01,경기,화성시,석우동,"국세청고시 제2026-19호(2026.7.1. 시행, 폐지제정) 별표4 지역기준(관할 세무서: 동화성세무서) - 국가법령정보센터 행정규칙 텍스트레이어 직접 파싱. 실제로는 업종/면적 조건부 배제이나 단순화하여 전체 배제로 처리. 자동추출 특성상 일부 지역 누락 가능",국세청고시 제2026-19호 간이과세배제기준,https://www.law.go.kr/LSW/admRulLsInfoP.do?admRulId=21174
2026-07-01,경기,화성시,수청동,"국세청고시 제2026-19호(2026.7.1. 시행, 폐지제정) 별표4 지역기준(관할 세무서: 동화성세무서) - 국가법령정보센터 행정규칙 텍스트레이어 직접 파싱. 실제로는 업종/면적 조건부 배제이나 단순화하여 전체 배제로 처리. 자동추출 특성상 일부 지역 누락 가능",국세청고시 제2026-19호 간이과세배제기준,https://www.law.go.kr/LSW/admRulLsInfoP.do?admRulId=21174
2026-07-01,경기,화성시,안녕동,"국세청고시 제2026-19호(2026.7.1. 시행, 폐지제정) 별표4 지역기준(관할 세무서: 동화성세무서) - 국가법령정보센터 행정규칙 텍스트레이어 직접 파싱. 실제로는 업종/면적 조건부 배제이나 단순화하여 전체 배제로 처리. 자동추출 특성상 일부 지역 누락 가능",국세청고시 제2026-19호 간이과세배제기준,https://www.law.go.kr/LSW/admRulLsInfoP.do?admRulId=21174
2026-07-01,경기,화성시,여울동,"국세청고시 제2026-19호(2026.7.1. 시행, 폐지제정) 별표4 지역기준(관할 세무서: 동화성세무서) - 국가법령정보센터 행정규칙 텍스트레이어 직접 파싱. 실제로는 업종/면적 조건부 배제이나 단순화하여 전체 배제로 처리. 자동추출 특성상 일부 지역 누락 가능",국세청고시 제2026-19호 간이과세배제기준,https://www.law.go.kr/LSW/admRulLsInfoP.do?admRulId=21174
2026-07-01,경기,화성시,영천동,"국세청고시 제2026-19호(2026.7.1. 시행, 폐지제정) 별표4 지역기준(관할 세무서: 동화성세무서) - 국가법령정보센터 행정규칙 텍스트레이어 직접 파싱. 실제로는 업종/면적 조건부 배제이나 단순화하여 전체 배제로 처리. 자동추출 특성상 일부 지역 누락 가능",국세청고시 제2026-19호 간이과세배제기준,https://www.law.go.kr/LSW/admRulLsInfoP.do?admRulId=21174
2026-07-01,경기,화성시,오산동,"국세청고시 제2026-19호(2026.7.1. 시행, 폐지제정) 별표4 지역기준(관할 세무서: 동화성세무서) - 국가법령정보센터 행정규칙 텍스트레이어 직접 파싱. 실제로는 업종/면적 조건부 배제이나 단순화하여 전체 배제로 처리. 자동추출 특성상 일부 지역 누락 가능",국세청고시 제2026-19호 간이과세배제기준,https://www.law.go.kr/LSW/admRulLsInfoP.do?admRulId=21174
2026-07-01,경기,화성시,오시원동,"국세청고시 제2026-19호(2026.7.1. 시행, 폐지제정) 별표4 지역기준(관할 세무서: 동화성세무서) - 국가법령정보센터 행정규칙 텍스트레이어 직접 파싱. 실제로는 업종/면적 조건부 배제이나 단순화하여 전체 배제로 처리. 자동추출 특성상 일부 지역 누락 가능",국세청고시 제2026-19호 간이과세배제기준,https://www.law.go.kr/LSW/admRulLsInfoP.do?admRulId=21174
2026-07-01,경기,화성시,원동,"국세청고시 제2026-19호(2026.7.1. 시행, 폐지제정) 별표4 지역기준(관할 세무서: 동화성세무서) - 국가법령정보센터 행정규칙 텍스트레이어 직접 파싱. 실제로는 업종/면적 조건부 배제이나 단순화하여 전체 배제로 처리. 자동추출 특성상 일부 지역 누락 가능",국세청고시 제2026-19호 간이과세배제기준,https://www.law.go.kr/LSW/admRulLsInfoP.do?admRulId=21174
2026-07-01,경남,김해시,대청동,"국세청고시 제2026-19호(2026.7.1. 시행, 폐지제정) 별표4 지역기준(관할 세무서: 김해세무서) - 국가법령정보센터 행정규칙 텍스트레이어 직접 파싱. 실제로는 업종/면적 조건부 배제이나 단순화하여 전체 배제로 처리. 자동추출 특성상 일부 지역 누락 가능",국세청고시 제2026-19호 간이과세배제기준,https://www.law.go.kr/LSW/admRulLsInfoP.do?admRulId=21174
2026-07-01,경남,김해시,부원동,"국세청고시 제2026-19호(2026.7.1. 시행, 폐지제정) 별표4 지역기준(관할 세무서: 김해세무서) - 국가법령정보센터 행정규칙 텍스트레이어 직접 파싱. 실제로는 업종/면적 조건부 배제이나 단순화하여 전체 배제로 처리. 자동추출 특성상 일부 지역 누락 가능",국세청고시 제2026-19호 간이과세배제기준,https://www.law.go.kr/LSW/admRulLsInfoP.do?admRulId=21174
2026-07-01,경남,김해시,신문동,"국세청고시 제2026-19호(2026.7.1. 시행, 폐지제정) 별표4 지역기준(관할 세무서: 김해세무서) - 국가법령정보센터 행정규칙 텍스트레이어 직접 파싱. 실제로는 업종/면적 조건부 배제이나 단순화하여 전체 배제로 처리. 자동추출 특성상 일부 지역 누락 가능",국세청고시 제2026-19호 간이과세배제기준,https://www.law.go.kr/LSW/admRulLsInfoP.do?admRulId=21174
2026-07-01,경남,김해시,외동,"국세청고시 제2026-19호(2026.7.1. 시행, 폐지제정) 별표4 지역기준(관할 세무서: 김해세무서) - 국가법령정보센터 행정규칙 텍스트레이어 직접 파싱. 실제로는 업종/면적 조건부 배제이나 단순화하여 전체 배제로 처리. 자동추출 특성상 일부 지역 누락 가능",국세청고시 제2026-19호 간이과세배제기준,https://www.law.go.kr/LSW/admRulLsInfoP.do?admRulId=21174
2026-07-01,경남,양산시,중부동,"국세청고시 제2026-19호(2026.7.1. 시행, 폐지제정) 별표4 지역기준(관할 세무서: 양산세무서) - 국가법령정보센터 행정규칙 텍스트레이어 직접 파싱. 실제로는 업종/면적 조건부 배제이나 단순화하여 전체 배제로 처리. 자동추출 특성상 일부 지역 누락 가능",국세청고시 제2026-19호 간이과세배제기준,https://www.law.go.kr/LSW/admRulLsInfoP.do?admRulId=21174
2026-07-01,경남,진주시,충무공동,"국세청고시 제2026-19호(2026.7.1. 시행, 폐지제정) 별표4 지역기준(관할 세무서: 진주세무서) - 국가법령정보센터 행정규칙 텍스트레이어 직접 파싱. 실제로는 업종/면적 조건부 배제이나 단순화하여 전체 배제로 처리. 자동추출 특성상 일부 지역 누락 가능",국세청고시 제2026-19호 간이과세배제기준,https://www.law.go.kr/LSW/admRulLsInfoP.do?admRulId=21174
2026-07-01,경남,창원시,대동,"국세청고시 제2026-19호(2026.7.1. 시행, 폐지제정) 별표4 지역기준(관할 세무서: 창원세무서) - 국가법령정보센터 행정규칙 텍스트레이어 직접 파싱. 실제로는 업종/면적 조건부 배제이나 단순화하여 전체 배제로 처리. 자동추출 특성상 일부 지역 누락 가능",국세청고시 제2026-19호 간이과세배제기준,https://www.law.go.kr/LSW/admRulLsInfoP.do?admRulId=21174
2026-07-01,경남,창원시,대원동,"국세청고시 제2026-19호(2026.7.1. 시행, 폐지제정) 별표4 지역기준(관할 세무서: 창원세무서) - 국가법령정보센터 행정규칙 텍스트레이어 직접 파싱. 실제로는 업종/면적 조건부 배제이나 단순화하여 전체 배제로 처리. 자동추출 특성상 일부 지역 누락 가능",국세청고시 제2026-19호 간이과세배제기준,https://www.law.go.kr/LSW/admRulLsInfoP.do?admRulId=21174
2026-07-01,경남,창원시,상남동,"국세청고시 제2026-19호(2026.7.1. 시행, 폐지제정) 별표4 지역기준(관할 세무서: 창원세무서) - 국가법령정보센터 행정규칙 텍스트레이어 직접 파싱. 실제로는 업종/면적 조건부 배제이나 단순화하여 전체 배제로 처리. 자동추출 특성상 일부 지역 누락 가능",국세청고시 제2026-19호 간이과세배제기준,https://www.law.go.kr/LSW/admRulLsInfoP.do?admRulId=21174
2026-07-01,경남,창원시,석동,"국세청고시 제2026-19호(2026.7.1. 시행, 폐지제정) 별표4 지역기준(관할 세무서: 창원세무서) - 국가법령정보센터 행정규칙 텍스트레이어 직접 파싱. 실제로는 업종/면적 조건부 배제이나 단순화하여 전체 배제로 처리. 자동추출 특성상 일부 지역 누락 가능",국세청고시 제2026-19호 간이과세배제기준,https://www.law.go.kr/LSW/admRulLsInfoP.do?admRulId=21174
2026-07-01,경남,창원시,용호동,"국세청고시 제2026-19호(2026.7.1. 시행, 폐지제정) 별표4 지역기준(관할 세무서: 창원세무서) - 국가법령정보센터 행정규칙 텍스트레이어 직접 파싱. 실제로는 업종/면적 조건부 배제이나 단순화하여 전체 배제로 처리. 자동추출 특성상 일부 지역 누락 가능",국세청고시 제2026-19호 간이과세배제기준,https://www.law.go.kr/LSW/admRulLsInfoP.do?admRulId=21174
2026-07-01,경남,창원시,이동,"국세청고시 제2026-19호(2026.7.1. 시행, 폐지제정) 별표4 지역기준(관할 세무서: 창원세무서) - 국가법령정보센터 행정규칙 텍스트레이어 직접 파싱. 실제로는 업종/면적 조건부 배제이나 단순화하여 전체 배제로 처리. 자동추출 특성상 일부 지역 누락 가능",국세청고시 제2026-19호 간이과세배제기준,https://www.law.go.kr/LSW/admRulLsInfoP.do?admRulId=21174
2026-07-01,경남,창원시,중앙동,"국세청고시 제2026-19호(2026.7.1. 시행, 폐지제정) 별표4 지역기준(관할 세무서: 창원세무서) - 국가법령정보센터 행정규칙 텍스트레이어 직접 파싱. 실제로는 업종/면적 조건부 배제이나 단순화하여 전체 배제로 처리. 자동추출 특성상 일부 지역 누락 가능",국세청고시 제2026-19호 간이과세배제기준,https://www.law.go.kr/LSW/admRulLsInfoP.do?admRulId=21174
2026-07-01,경남,통영시,옥포동,"국세청고시 제2026-19호(2026.7.1. 시행, 폐지제정) 별표4 지역기준(관할 세무서: 통영세무서) - 국가법령정보센터 행정규칙 텍스트레이어 직접 파싱. 실제로는 업종/면적 조건부 배제이나 단순화하여 전체 배제로 처리. 자동추출 특성상 일부 지역 누락 가능",국세청고시 제2026-19호 간이과세배제기준,https://www.law.go.kr/LSW/admRulLsInfoP.do?admRulId=21174
2026-07-01,경남,통영시,장평동,"국세청고시 제2026-19호(2026.7.1. 시행, 폐지제정) 별표4 지역기준(관할 세무서: 통영세무서) - 국가법령정보센터 행정규칙 텍스트레이어 직접 파싱. 실제로는 업종/면적 조건부 배제이나 단순화하여 전체 배제로 처리. 자동추출 특성상 일부 지역 누락 가능",국세청고시 제2026-19호 간이과세배제기준,https://www.law.go.kr/LSW/admRulLsInfoP.do?admRulId=21174
2026-07-01,경북,경산시,경대동,"국세청고시 제2026-19호(2026.7.1. 시행, 폐지제정) 별표4 지역기준(관할 세무서: 경산세무서) - 국가법령정보센터 행정규칙 텍스트레이어 직접 파싱. 실제로는 업종/면적 조건부 배제이나 단순화하여 전체 배제로 처리. 자동추출 특성상 일부 지역 누락 가능",국세청고시 제2026-19호 간이과세배제기준,https://www.law.go.kr/LSW/admRulLsInfoP.do?admRulId=21174
2026-07-01,경북,포항시,남빈동,"국세청고시 제2026-19호(2026.7.1. 시행, 폐지제정) 별표4 지역기준(관할 세무서: 포항세무서) - 국가법령정보센터 행정규칙 텍스트레이어 직접 파싱. 실제로는 업종/면적 조건부 배제이나 단순화하여 전체 배제로 처리. 자동추출 특성상 일부 지역 누락 가능",국세청고시 제2026-19호 간이과세배제기준,https://www.law.go.kr/LSW/admRulLsInfoP.do?admRulId=21174
2026-07-01,경북,포항시,대잠동,"국세청고시 제2026-19호(2026.7.1. 시행, 폐지제정) 별표4 지역기준(관할 세무서: 포항세무서) - 국가법령정보센터 행정규칙 텍스트레이어 직접 파싱. 실제로는 업종/면적 조건부 배제이나 단순화하여 전체 배제로 처리. 자동추출 특성상 일부 지역 누락 가능",국세청고시 제2026-19호 간이과세배제기준,https://www.law.go.kr/LSW/admRulLsInfoP.do?admRulId=21174
2026-07-01,경북,포항시,도동,"국세청고시 제2026-19호(2026.7.1. 시행, 폐지제정) 별표4 지역기준(관할 세무서: 포항세무서) - 국가법령정보센터 행정규칙 텍스트레이어 직접 파싱. 실제로는 업종/면적 조건부 배제이나 단순화하여 전체 배제로 처리. 자동추출 특성상 일부 지역 누락 가능",국세청고시 제2026-19호 간이과세배제기준,https://www.law.go.kr/LSW/admRulLsInfoP.do?admRulId=21174
2026-07-01,경북,포항시,두호동,"국세청고시 제2026-19호(2026.7.1. 시행, 폐지제정) 별표4 지역기준(관할 세무서: 포항세무서) - 국가법령정보센터 행정규칙 텍스트레이어 직접 파싱. 실제로는 업종/면적 조건부 배제이나 단순화하여 전체 배제로 처리. 자동추출 특성상 일부 지역 누락 가능",국세청고시 제2026-19호 간이과세배제기준,https://www.law.go.kr/LSW/admRulLsInfoP.do?admRulId=21174
2026-07-01,경북,포항시,상도동,"국세청고시 제2026-19호(2026.7.1. 시행, 폐지제정) 별표4 지역기준(관할 세무서: 포항세무서) - 국가법령정보센터 행정규칙 텍스트레이어 직접 파싱. 실제로는 업종/면적 조건부 배제이나 단순화하여 전체 배제로 처리. 자동추출 특성상 일부 지역 누락 가능",국세청고시 제2026-19호 간이과세배제기준,https://www.law.go.kr/LSW/admRulLsInfoP.do?admRulId=21174
2026-07-01,경북,포항시,이동,"국세청고시 제2026-19호(2026.7.1. 시행, 폐지제정) 별표4 지역기준(관할 세무서: 포항세무서) - 국가법령정보센터 행정규칙 텍스트레이어 직접 파싱. 실제로는 업종/면적 조건부 배제이나 단순화하여 전체 배제로 처리. 자동추출 특성상 일부 지역 누락 가능",국세청고시 제2026-19호 간이과세배제기준,https://www.law.go.kr/LSW/admRulLsInfoP.do?admRulId=21174
2026-07-01,경북,포항시,죽도동,"국세청고시 제2026-19호(2026.7.1. 시행, 폐지제정) 별표4 지역기준(관할 세무서: 포항세무서) - 국가법령정보센터 행정규칙 텍스트레이어 직접 파싱. 실제로는 업종/면적 조건부 배제이나 단순화하여 전체 배제로 처리. 자동추출 특성상 일부 지역 누락 가능",국세청고시 제2026-19호 간이과세배제기준,https://www.law.go.kr/LSW/admRulLsInfoP.do?admRulId=21174
2026-07-01,경북,포항시,항구동,"국세청고시 제2026-19호(2026.7.1. 시행, 폐지제정) 별표4 지역기준(관할 세무서: 포항세무서) - 국가법령정보센터 행정규칙 텍스트레이어 직접 파싱. 실제로는 업종/면적 조건부 배제이나 단순화하여 전체 배제로 처리. 자동추출 특성상 일부 지역 누락 가능",국세청고시 제2026-19호 간이과세배제기준,https://www.law.go.kr/LSW/admRulLsInfoP.do?admRulId=21174
2026-07-01,대구,남구,본동,"국세청고시 제2026-19호(2026.7.1. 시행, 폐지제정) 별표4 지역기준(관할 세무서: 남대구세무서) - 국가법령정보센터 행정규칙 텍스트레이어 직접 파싱. 실제로는 업종/면적 조건부 배제이나 단순화하여 전체 배제로 처리. 자동추출 특성상 일부 지역 누락 가능",국세청고시 제2026-19호 간이과세배제기준,https://www.law.go.kr/LSW/admRulLsInfoP.do?admRulId=21174
2026-07-01,대구,남구,봉덕동,"국세청고시 제2026-19호(2026.7.1. 시행, 폐지제정) 별표4 지역기준(관할 세무서: 남대구세무서) - 국가법령정보센터 행정규칙 텍스트레이어 직접 파싱. 실제로는 업종/면적 조건부 배제이나 단순화하여 전체 배제로 처리. 자동추출 특성상 일부 지역 누락 가능",국세청고시 제2026-19호 간이과세배제기준,https://www.law.go.kr/LSW/admRulLsInfoP.do?admRulId=21174
2026-07-01,대구,남구,상인동,"국세청고시 제2026-19호(2026.7.1. 시행, 폐지제정) 별표4 지역기준(관할 세무서: 남대구세무서) - 국가법령정보센터 행정규칙 텍스트레이어 직접 파싱. 실제로는 업종/면적 조건부 배제이나 단순화하여 전체 배제로 처리. 자동추출 특성상 일부 지역 누락 가능",국세청고시 제2026-19호 간이과세배제기준,https://www.law.go.kr/LSW/admRulLsInfoP.do?admRulId=21174
2026-07-01,대구,북구,대봉동,"국세청고시 제2026-19호(2026.7.1. 시행, 폐지제정) 별표4 지역기준(관할 세무서: 북대구세무서) - 국가법령정보센터 행정규칙 텍스트레이어 직접 파싱. 실제로는 업종/면적 조건부 배제이나 단순화하여 전체 배제로 처리. 자동추출 특성상 일부 지역 누락 가능",국세청고시 제2026-19호 간이과세배제기준,https://www.law.go.kr/LSW/admRulLsInfoP.do?admRulId=21174
2026-07-01,대구,북구,대신동,"국세청고시 제2026-19호(2026.7.1. 시행, 폐지제정) 별표4 지역기준(관할 세무서: 북대구세무서) - 국가법령정보센터 행정규칙 텍스트레이어 직접 파싱. 실제로는 업종/면적 조건부 배제이나 단순화하여 전체 배제로 처리. 자동추출 특성상 일부 지역 누락 가능",국세청고시 제2026-19호 간이과세배제기준,https://www.law.go.kr/LSW/admRulLsInfoP.do?admRulId=21174
2026-07-01,대구,북구,덕산동,"국세청고시 제2026-19호(2026.7.1. 시행, 폐지제정) 별표4 지역기준(관할 세무서: 북대구세무서) - 국가법령정보센터 행정규칙 텍스트레이어 직접 파싱. 실제로는 업종/면적 조건부 배제이나 단순화하여 전체 배제로 처리. 자동추출 특성상 일부 지역 누락 가능",국세청고시 제2026-19호 간이과세배제기준,https://www.law.go.kr/LSW/admRulLsInfoP.do?admRulId=21174
2026-07-01,대구,북구,복현동,"국세청고시 제2026-19호(2026.7.1. 시행, 폐지제정) 별표4 지역기준(관할 세무서: 북대구세무서) - 국가법령정보센터 행정규칙 텍스트레이어 직접 파싱. 실제로는 업종/면적 조건부 배제이나 단순화하여 전체 배제로 처리. 자동추출 특성상 일부 지역 누락 가능",국세청고시 제2026-19호 간이과세배제기준,https://www.law.go.kr/LSW/admRulLsInfoP.do?admRulId=21174
2026-07-01,대구,북구,산격동,"국세청고시 제2026-19호(2026.7.1. 시행, 폐지제정) 별표4 지역기준(관할 세무서: 북대구세무서) - 국가법령정보센터 행정규칙 텍스트레이어 직접 파싱. 실제로는 업종/면적 조건부 배제이나 단순화하여 전체 배제로 처리. 자동추출 특성상 일부 지역 누락 가능",국세청고시 제2026-19호 간이과세배제기준,https://www.law.go.kr/LSW/admRulLsInfoP.do?admRulId=21174
2026-07-01,대구,북구,서문로2가,"국세청고시 제2026-19호(2026.7.1. 시행, 폐지제정) 별표4 지역기준(관할 세무서: 북대구세무서) - 국가법령정보센터 행정규칙 텍스트레이어 직접 파싱. 실제로는 업종/면적 조건부 배제이나 단순화하여 전체 배제로 처리. 자동추출 특성상 일부 지역 누락 가능",국세청고시 제2026-19호 간이과세배제기준,https://www.law.go.kr/LSW/admRulLsInfoP.do?admRulId=21174
2026-07-01,대구,북구,서성로2가,"국세청고시 제2026-19호(2026.7.1. 시행, 폐지제정) 별표4 지역기준(관할 세무서: 북대구세무서) - 국가법령정보센터 행정규칙 텍스트레이어 직접 파싱. 실제로는 업종/면적 조건부 배제이나 단순화하여 전체 배제로 처리. 자동추출 특성상 일부 지역 누락 가능",국세청고시 제2026-19호 간이과세배제기준,https://www.law.go.kr/LSW/admRulLsInfoP.do?admRulId=21174
2026-07-01,대구,북구,태전동,"국세청고시 제2026-19호(2026.7.1. 시행, 폐지제정) 별표4 지역기준(관할 세무서: 북대구세무서) - 국가법령정보센터 행정규칙 텍스트레이어 직접 파싱. 실제로는 업종/면적 조건부 배제이나 단순화하여 전체 배제로 처리. 자동추출 특성상 일부 지역 누락 가능",국세청고시 제2026-19호 간이과세배제기준,https://www.law.go.kr/LSW/admRulLsInfoP.do?admRulId=21174
2026-07-01,대구,서구,감삼동,"국세청고시 제2026-19호(2026.7.1. 시행, 폐지제정) 별표4 지역기준(관할 세무서: 서대구세무서) - 국가법령정보센터 행정규칙 텍스트레이어 직접 파싱. 실제로는 업종/면적 조건부 배제이나 단순화하여 전체 배제로 처리. 자동추출 특성상 일부 지역 누락 가능",국세청고시 제2026-19호 간이과세배제기준,https://www.law.go.kr/LSW/admRulLsInfoP.do?admRulId=21174
2026-07-01,대구,서구,두류3동,"국세청고시 제2026-19호(2026.7.1. 시행, 폐지제정) 별표4 지역기준(관할 세무서: 서대구세무서) - 국가법령정보센터 행정규칙 텍스트레이어 직접 파싱. 실제로는 업종/면적 조건부 배제이나 단순화하여 전체 배제로 처리. 자동추출 특성상 일부 지역 누락 가능",국세청고시 제2026-19호 간이과세배제기준,https://www.law.go.kr/LSW/admRulLsInfoP.do?admRulId=21174
2026-07-01,대구,서구,두류네거리,"국세청고시 제2026-19호(2026.7.1. 시행, 폐지제정) 별표4 지역기준(관할 세무서: 서대구세무서) - 국가법령정보센터 행정규칙 텍스트레이어 직접 파싱. 실제로는 업종/면적 조건부 배제이나 단순화하여 전체 배제로 처리. 자동추출 특성상 일부 지역 누락 가능",국세청고시 제2026-19호 간이과세배제기준,https://www.law.go.kr/LSW/admRulLsInfoP.do?admRulId=21174
2026-07-01,대구,서구,신당동,"국세청고시 제2026-19호(2026.7.1. 시행, 폐지제정) 별표4 지역기준(관할 세무서: 서대구세무서) - 국가법령정보센터 행정규칙 텍스트레이어 직접 파싱. 실제로는 업종/면적 조건부 배제이나 단순화하여 전체 배제로 처리. 자동추출 특성상 일부 지역 누락 가능",국세청고시 제2026-19호 간이과세배제기준,https://www.law.go.kr/LSW/admRulLsInfoP.do?admRulId=21174
2026-07-01,대구,서구,용산동,"국세청고시 제2026-19호(2026.7.1. 시행, 폐지제정) 별표4 지역기준(관할 세무서: 서대구세무서) - 국가법령정보센터 행정규칙 텍스트레이어 직접 파싱. 실제로는 업종/면적 조건부 배제이나 단순화하여 전체 배제로 처리. 자동추출 특성상 일부 지역 누락 가능",국세청고시 제2026-19호 간이과세배제기준,https://www.law.go.kr/LSW/admRulLsInfoP.do?admRulId=21174
2026-07-01,대구,서구,장기동,"국세청고시 제2026-19호(2026.7.1. 시행, 폐지제정) 별표4 지역기준(관할 세무서: 서대구세무서) - 국가법령정보센터 행정규칙 텍스트레이어 직접 파싱. 실제로는 업종/면적 조건부 배제이나 단순화하여 전체 배제로 처리. 자동추출 특성상 일부 지역 누락 가능",국세청고시 제2026-19호 간이과세배제기준,https://www.law.go.kr/LSW/admRulLsInfoP.do?admRulId=21174
2026-07-01,대구,서구,죽전동,"국세청고시 제2026-19호(2026.7.1. 시행, 폐지제정) 별표4 지역기준(관할 세무서: 서대구세무서) - 국가법령정보센터 행정규칙 텍스트레이어 직접 파싱. 실제로는 업종/면적 조건부 배제이나 단순화하여 전체 배제로 처리. 자동추출 특성상 일부 지역 누락 가능",국세청고시 제2026-19호 간이과세배제기준,https://www.law.go.kr/LSW/admRulLsInfoP.do?admRulId=21174
2026-07-01,대구,서구,호림동,"국세청고시 제2026-19호(2026.7.1. 시행, 폐지제정) 별표4 지역기준(관할 세무서: 서대구세무서) - 국가법령정보센터 행정규칙 텍스트레이어 직접 파싱. 실제로는 업종/면적 조건부 배제이나 단순화하여 전체 배제로 처리. 자동추출 특성상 일부 지역 누락 가능",국세청고시 제2026-19호 간이과세배제기준,https://www.law.go.kr/LSW/admRulLsInfoP.do?admRulId=21174
2026-07-01,대구,수성구,두산동,"국세청고시 제2026-19호(2026.7.1. 시행, 폐지제정) 별표4 지역기준(관할 세무서: 수성세무서) - 국가법령정보센터 행정규칙 텍스트레이어 직접 파싱. 실제로는 업종/면적 조건부 배제이나 단순화하여 전체 배제로 처리. 자동추출 특성상 일부 지역 누락 가능",국세청고시 제2026-19호 간이과세배제기준,https://www.law.go.kr/LSW/admRulLsInfoP.do?admRulId=21174
2026-07-01,대구,수성구,범물동,"국세청고시 제2026-19호(2026.7.1. 시행, 폐지제정) 별표4 지역기준(관할 세무서: 수성세무서) - 국가법령정보센터 행정규칙 텍스트레이어 직접 파싱. 실제로는 업종/면적 조건부 배제이나 단순화하여 전체 배제로 처리. 자동추출 특성상 일부 지역 누락 가능",국세청고시 제2026-19호 간이과세배제기준,https://www.law.go.kr/LSW/admRulLsInfoP.do?admRulId=21174
2026-07-01,대구,수성구,범어1동,"국세청고시 제2026-19호(2026.7.1. 시행, 폐지제정) 별표4 지역기준(관할 세무서: 수성세무서) - 국가법령정보센터 행정규칙 텍스트레이어 직접 파싱. 실제로는 업종/면적 조건부 배제이나 단순화하여 전체 배제로 처리. 자동추출 특성상 일부 지역 누락 가능",국세청고시 제2026-19호 간이과세배제기준,https://www.law.go.kr/LSW/admRulLsInfoP.do?admRulId=21174
2026-07-01,대구,수성구,상동,"국세청고시 제2026-19호(2026.7.1. 시행, 폐지제정) 별표4 지역기준(관할 세무서: 수성세무서) - 국가법령정보센터 행정규칙 텍스트레이어 직접 파싱. 실제로는 업종/면적 조건부 배제이나 단순화하여 전체 배제로 처리. 자동추출 특성상 일부 지역 누락 가능",국세청고시 제2026-19호 간이과세배제기준,https://www.law.go.kr/LSW/admRulLsInfoP.do?admRulId=21174
2026-07-01,대구,수성구,신매동,"국세청고시 제2026-19호(2026.7.1. 시행, 폐지제정) 별표4 지역기준(관할 세무서: 수성세무서) - 국가법령정보센터 행정규칙 텍스트레이어 직접 파싱. 실제로는 업종/면적 조건부 배제이나 단순화하여 전체 배제로 처리. 자동추출 특성상 일부 지역 누락 가능",국세청고시 제2026-19호 간이과세배제기준,https://www.law.go.kr/LSW/admRulLsInfoP.do?admRulId=21174
2026-07-01,대구,수성구,지산동,"국세청고시 제2026-19호(2026.7.1. 시행, 폐지제정) 별표4 지역기준(관할 세무서: 수성세무서) - 국가법령정보센터 행정규칙 텍스트레이어 직접 파싱. 실제로는 업종/면적 조건부 배제이나 단순화하여 전체 배제로 처리. 자동추출 특성상 일부 지역 누락 가능",국세청고시 제2026-19호 간이과세배제기준,https://www.law.go.kr/LSW/admRulLsInfoP.do?admRulId=21174
2026-07-01,대구,수성구,황금동,"국세청고시 제2026-19호(2026.7.1. 시행, 폐지제정) 별표4 지역기준(관할 세무서: 수성세무서) - 국가법령정보센터 행정규칙 텍스트레이어 직접 파싱. 실제로는 업종/면적 조건부 배제이나 단순화하여 전체 배제로 처리. 자동추출 특성상 일부 지역 누락 가능",국세청고시 제2026-19호 간이과세배제기준,https://www.law.go.kr/LSW/admRulLsInfoP.do?admRulId=21174
2026-07-01,대전,동구,문화동,"국세청고시 제2026-19호(2026.7.1. 시행, 폐지제정) 별표4 지역기준(관할 세무서: 대전세무서) - 국가법령정보센터 행정규칙 텍스트레이어 직접 파싱. 실제로는 업종/면적 조건부 배제이나 단순화하여 전체 배제로 처리. 자동추출 특성상 일부 지역 누락 가능",국세청고시 제2026-19호 간이과세배제기준,https://www.law.go.kr/LSW/admRulLsInfoP.do?admRulId=21174
2026-07-01,대전,동구,오류동,"국세청고시 제2026-19호(2026.7.1. 시행, 폐지제정) 별표4 지역기준(관할 세무서: 대전세무서) - 국가법령정보센터 행정규칙 텍스트레이어 직접 파싱. 실제로는 업종/면적 조건부 배제이나 단순화하여 전체 배제로 처리. 자동추출 특성상 일부 지역 누락 가능",국세청고시 제2026-19호 간이과세배제기준,https://www.law.go.kr/LSW/admRulLsInfoP.do?admRulId=21174
2026-07-01,부산,강서구,명지동,"국세청고시 제2026-19호(2026.7.1. 시행, 폐지제정) 별표4 지역기준(관할 세무서: 부산강서세무서) - 국가법령정보센터 행정규칙 텍스트레이어 직접 파싱. 실제로는 업종/면적 조건부 배제이나 단순화하여 전체 배제로 처리. 자동추출 특성상 일부 지역 누락 가능",국세청고시 제2026-19호 간이과세배제기준,https://www.law.go.kr/LSW/admRulLsInfoP.do?admRulId=21174
2026-07-01,부산,금정구,구서동,"국세청고시 제2026-19호(2026.7.1. 시행, 폐지제정) 별표4 지역기준(관할 세무서: 금정세무서) - 국가법령정보센터 행정규칙 텍스트레이어 직접 파싱. 실제로는 업종/면적 조건부 배제이나 단순화하여 전체 배제로 처리. 자동추출 특성상 일부 지역 누락 가능",국세청고시 제2026-19호 간이과세배제기준,https://www.law.go.kr/LSW/admRulLsInfoP.do?admRulId=21174
2026-07-01,부산,동래구,거제동,"국세청고시 제2026-19호(2026.7.1. 시행, 폐지제정) 별표4 지역기준(관할 세무서: 동래세무서) - 국가법령정보센터 행정규칙 텍스트레이어 직접 파싱. 실제로는 업종/면적 조건부 배제이나 단순화하여 전체 배제로 처리. 자동추출 특성상 일부 지역 누락 가능",국세청고시 제2026-19호 간이과세배제기준,https://www.law.go.kr/LSW/admRulLsInfoP.do?admRulId=21174
2026-07-01,부산,동래구,명륜동,"국세청고시 제2026-19호(2026.7.1. 시행, 폐지제정) 별표4 지역기준(관할 세무서: 동래세무서) - 국가법령정보센터 행정규칙 텍스트레이어 직접 파싱. 실제로는 업종/면적 조건부 배제이나 단순화하여 전체 배제로 처리. 자동추출 특성상 일부 지역 누락 가능",국세청고시 제2026-19호 간이과세배제기준,https://www.law.go.kr/LSW/admRulLsInfoP.do?admRulId=21174
2026-07-01,부산,동래구,연산동,"국세청고시 제2026-19호(2026.7.1. 시행, 폐지제정) 별표4 지역기준(관할 세무서: 동래세무서) - 국가법령정보센터 행정규칙 텍스트레이어 직접 파싱. 실제로는 업종/면적 조건부 배제이나 단순화하여 전체 배제로 처리. 자동추출 특성상 일부 지역 누락 가능",국세청고시 제2026-19호 간이과세배제기준,https://www.law.go.kr/LSW/admRulLsInfoP.do?admRulId=21174
2026-07-01,부산,동래구,연산로타리,"국세청고시 제2026-19호(2026.7.1. 시행, 폐지제정) 별표4 지역기준(관할 세무서: 동래세무서) - 국가법령정보센터 행정규칙 텍스트레이어 직접 파싱. 실제로는 업종/면적 조건부 배제이나 단순화하여 전체 배제로 처리. 자동추출 특성상 일부 지역 누락 가능",국세청고시 제2026-19호 간이과세배제기준,https://www.law.go.kr/LSW/admRulLsInfoP.do?admRulId=21174
2026-07-01,부산,동래구,온천동,"국세청고시 제2026-19호(2026.7.1. 시행, 폐지제정) 별표4 지역기준(관할 세무서: 동래세무서) - 국가법령정보센터 행정규칙 텍스트레이어 직접 파싱. 실제로는 업종/면적 조건부 배제이나 단순화하여 전체 배제로 처리. 자동추출 특성상 일부 지역 누락 가능",국세청고시 제2026-19호 간이과세배제기준,https://www.law.go.kr/LSW/admRulLsInfoP.do?admRulId=21174
2026-07-01,부산,부산진구,범일2동,"국세청고시 제2026-19호(2026.7.1. 시행, 폐지제정) 별표4 지역기준(관할 세무서: 부산진세무서) - 국가법령정보센터 행정규칙 텍스트레이어 직접 파싱. 실제로는 업종/면적 조건부 배제이나 단순화하여 전체 배제로 처리. 자동추출 특성상 일부 지역 누락 가능",국세청고시 제2026-19호 간이과세배제기준,https://www.law.go.kr/LSW/admRulLsInfoP.do?admRulId=21174
2026-07-01,부산,부산진구,범일동,"국세청고시 제2026-19호(2026.7.1. 시행, 폐지제정) 별표4 지역기준(관할 세무서: 부산진세무서) - 국가법령정보센터 행정규칙 텍스트레이어 직접 파싱. 실제로는 업종/면적 조건부 배제이나 단순화하여 전체 배제로 처리. 자동추출 특성상 일부 지역 누락 가능",국세청고시 제2026-19호 간이과세배제기준,https://www.law.go.kr/LSW/admRulLsInfoP.do?admRulId=21174
2026-07-01,부산,부산진구,범천동,"국세청고시 제2026-19호(2026.7.1. 시행, 폐지제정) 별표4 지역기준(관할 세무서: 부산진세무서) - 국가법령정보센터 행정규칙 텍스트레이어 직접 파싱. 실제로는 업종/면적 조건부 배제이나 단순화하여 전체 배제로 처리. 자동추출 특성상 일부 지역 누락 가능",국세청고시 제2026-19호 간이과세배제기준,https://www.law.go.kr/LSW/admRulLsInfoP.do?admRulId=21174
2026-07-01,부산,부산진구,부동,"국세청고시 제2026-19호(2026.7.1. 시행, 폐지제정) 별표4 지역기준(관할 세무서: 부산진세무서) - 국가법령정보센터 행정규칙 텍스트레이어 직접 파싱. 실제로는 업종/면적 조건부 배제이나 단순화하여 전체 배제로 처리. 자동추출 특성상 일부 지역 누락 가능",국세청고시 제2026-19호 간이과세배제기준,https://www.law.go.kr/LSW/admRulLsInfoP.do?admRulId=21174
2026-07-01,부산,부산진구,부전동,"국세청고시 제2026-19호(2026.7.1. 시행, 폐지제정) 별표4 지역기준(관할 세무서: 부산진세무서) - 국가법령정보센터 행정규칙 텍스트레이어 직접 파싱. 실제로는 업종/면적 조건부 배제이나 단순화하여 전체 배제로 처리. 자동추출 특성상 일부 지역 누락 가능",국세청고시 제2026-19호 간이과세배제기준,https://www.law.go.kr/LSW/admRulLsInfoP.do?admRulId=21174
2026-07-01,부산,부산진구,신밴동,"국세청고시 제2026-19호(2026.7.1. 시행, 폐지제정) 별표4 지역기준(관할 세무서: 부산진세무서) - 국가법령정보센터 행정규칙 텍스트레이어 직접 파싱. 실제로는 업종/면적 조건부 배제이나 단순화하여 전체 배제로 처리. 자동추출 특성상 일부 지역 누락 가능",국세청고시 제2026-19호 간이과세배제기준,https://www.law.go.kr/LSW/admRulLsInfoP.do?admRulId=21174
2026-07-01,부산,부산진구,양정동,"국세청고시 제2026-19호(2026.7.1. 시행, 폐지제정) 별표4 지역기준(관할 세무서: 부산진세무서) - 국가법령정보센터 행정규칙 텍스트레이어 직접 파싱. 실제로는 업종/면적 조건부 배제이나 단순화하여 전체 배제로 처리. 자동추출 특성상 일부 지역 누락 가능",국세청고시 제2026-19호 간이과세배제기준,https://www.law.go.kr/LSW/admRulLsInfoP.do?admRulId=21174
2026-07-01,부산,부산진구,전포동,"국세청고시 제2026-19호(2026.7.1. 시행, 폐지제정) 별표4 지역기준(관할 세무서: 부산진세무서) - 국가법령정보센터 행정규칙 텍스트레이어 직접 파싱. 실제로는 업종/면적 조건부 배제이나 단순화하여 전체 배제로 처리. 자동추출 특성상 일부 지역 누락 가능",국세청고시 제2026-19호 간이과세배제기준,https://www.law.go.kr/LSW/admRulLsInfoP.do?admRulId=21174
2026-07-01,부산,부산진구,정동,"국세청고시 제2026-19호(2026.7.1. 시행, 폐지제정) 별표4 지역기준(관할 세무서: 부산진세무서) - 국가법령정보센터 행정규칙 텍스트레이어 직접 파싱. 실제로는 업종/면적 조건부 배제이나 단순화하여 전체 배제로 처리. 자동추출 특성상 일부 지역 누락 가능",국세청고시 제2026-19호 간이과세배제기준,https://www.law.go.kr/LSW/admRulLsInfoP.do?admRulId=21174
2026-07-01,부산,부산진구,초량동,"국세청고시 제2026-19호(2026.7.1. 시행, 폐지제정) 별표4 지역기준(관할 세무서: 부산진세무서) - 국가법령정보센터 행정규칙 텍스트레이어 직접 파싱. 실제로는 업종/면적 조건부 배제이나 단순화하여 전체 배제로 처리. 자동추출 특성상 일부 지역 누락 가능",국세청고시 제2026-19호 간이과세배제기준,https://www.law.go.kr/LSW/admRulLsInfoP.do?admRulId=21174
2026-07-01,부산,사상구,괘법동,"국세청고시 제2026-19호(2026.7.1. 시행, 폐지제정) 별표4 지역기준(관할 세무서: 북부산세무서) - 국가법령정보센터 행정규칙 텍스트레이어 직접 파싱. 실제로는 업종/면적 조건부 배제이나 단순화하여 전체 배제로 처리. 자동추출 특성상 일부 지역 누락 가능",국세청고시 제2026-19호 간이과세배제기준,https://www.law.go.kr/LSW/admRulLsInfoP.do?admRulId=21174
2026-07-01,부산,사상구,구포동,"국세청고시 제2026-19호(2026.7.1. 시행, 폐지제정) 별표4 지역기준(관할 세무서: 북부산세무서) - 국가법령정보센터 행정규칙 텍스트레이어 직접 파싱. 실제로는 업종/면적 조건부 배제이나 단순화하여 전체 배제로 처리. 자동추출 특성상 일부 지역 누락 가능",국세청고시 제2026-19호 간이과세배제기준,https://www.law.go.kr/LSW/admRulLsInfoP.do?admRulId=21174
2026-07-01,부산,사상구,궁동,"국세청고시 제2026-19호(2026.7.1. 시행, 폐지제정) 별표4 지역기준(관할 세무서: 북부산세무서) - 국가법령정보센터 행정규칙 텍스트레이어 직접 파싱. 실제로는 업종/면적 조건부 배제이나 단순화하여 전체 배제로 처리. 자동추출 특성상 일부 지역 누락 가능",국세청고시 제2026-19호 간이과세배제기준,https://www.law.go.kr/LSW/admRulLsInfoP.do?admRulId=21174
2026-07-01,부산,사상구,덕천동,"국세청고시 제2026-19호(2026.7.1. 시행, 폐지제정) 별표4 지역기준(관할 세무서: 북부산세무서) - 국가법령정보센터 행정규칙 텍스트레이어 직접 파싱. 실제로는 업종/면적 조건부 배제이나 단순화하여 전체 배제로 처리. 자동추출 특성상 일부 지역 누락 가능",국세청고시 제2026-19호 간이과세배제기준,https://www.law.go.kr/LSW/admRulLsInfoP.do?admRulId=21174
2026-07-01,부산,사상구,화명동,"국세청고시 제2026-19호(2026.7.1. 시행, 폐지제정) 별표4 지역기준(관할 세무서: 북부산세무서) - 국가법령정보센터 행정규칙 텍스트레이어 직접 파싱. 실제로는 업종/면적 조건부 배제이나 단순화하여 전체 배제로 처리. 자동추출 특성상 일부 지역 누락 가능",국세청고시 제2026-19호 간이과세배제기준,https://www.law.go.kr/LSW/admRulLsInfoP.do?admRulId=21174
2026-07-01,부산,사하구,괴정동,"국세청고시 제2026-19호(2026.7.1. 시행, 폐지제정) 별표4 지역기준(관할 세무서: 서부산세무서) - 국가법령정보센터 행정규칙 텍스트레이어 직접 파싱. 실제로는 업종/면적 조건부 배제이나 단순화하여 전체 배제로 처리. 자동추출 특성상 일부 지역 누락 가능",국세청고시 제2026-19호 간이과세배제기준,https://www.law.go.kr/LSW/admRulLsInfoP.do?admRulId=21174
2026-07-01,부산,사하구,장림동,"국세청고시 제2026-19호(2026.7.1. 시행, 폐지제정) 별표4 지역기준(관할 세무서: 서부산세무서) - 국가법령정보센터 행정규칙 텍스트레이어 직접 파싱. 실제로는 업종/면적 조건부 배제이나 단순화하여 전체 배제로 처리. 자동추출 특성상 일부 지역 누락 가능",국세청고시 제2026-19호 간이과세배제기준,https://www.law.go.kr/LSW/admRulLsInfoP.do?admRulId=21174
2026-07-01,부산,사하구,하단동,"국세청고시 제2026-19호(2026.7.1. 시행, 폐지제정) 별표4 지역기준(관할 세무서: 서부산세무서) - 국가법령정보센터 행정규칙 텍스트레이어 직접 파싱. 실제로는 업종/면적 조건부 배제이나 단순화하여 전체 배제로 처리. 자동추출 특성상 일부 지역 누락 가능",국세청고시 제2026-19호 간이과세배제기준,https://www.law.go.kr/LSW/admRulLsInfoP.do?admRulId=21174
2026-07-01,부산,수영구,남천동,"국세청고시 제2026-19호(2026.7.1. 시행, 폐지제정) 별표4 지역기준(관할 세무서: 수영세무서) - 국가법령정보센터 행정규칙 텍스트레이어 직접 파싱. 실제로는 업종/면적 조건부 배제이나 단순화하여 전체 배제로 처리. 자동추출 특성상 일부 지역 누락 가능",국세청고시 제2026-19호 간이과세배제기준,https://www.law.go.kr/LSW/admRulLsInfoP.do?admRulId=21174
2026-07-01,부산,수영구,대연동,"국세청고시 제2026-19호(2026.7.1. 시행, 폐지제정) 별표4 지역기준(관할 세무서: 수영세무서) - 국가법령정보센터 행정규칙 텍스트레이어 직접 파싱. 실제로는 업종/면적 조건부 배제이나 단순화하여 전체 배제로 처리. 자동추출 특성상 일부 지역 누락 가능",국세청고시 제2026-19호 간이과세배제기준,https://www.law.go.kr/LSW/admRulLsInfoP.do?admRulId=21174
2026-07-01,부산,수영구,망미동,"국세청고시 제2026-19호(2026.7.1. 시행, 폐지제정) 별표4 지역기준(관할 세무서: 수영세무서) - 국가법령정보센터 행정규칙 텍스트레이어 직접 파싱. 실제로는 업종/면적 조건부 배제이나 단순화하여 전체 배제로 처리. 자동추출 특성상 일부 지역 누락 가능",국세청고시 제2026-19호 간이과세배제기준,https://www.law.go.kr/LSW/admRulLsInfoP.do?admRulId=21174
2026-07-01,부산,수영구,문현동,"국세청고시 제2026-19호(2026.7.1. 시행, 폐지제정) 별표4 지역기준(관할 세무서: 수영세무서) - 국가법령정보센터 행정규칙 텍스트레이어 직접 파싱. 실제로는 업종/면적 조건부 배제이나 단순화하여 전체 배제로 처리. 자동추출 특성상 일부 지역 누락 가능",국세청고시 제2026-19호 간이과세배제기준,https://www.law.go.kr/LSW/admRulLsInfoP.do?admRulId=21174
2026-07-01,부산,수영구,수영동,"국세청고시 제2026-19호(2026.7.1. 시행, 폐지제정) 별표4 지역기준(관할 세무서: 수영세무서) - 국가법령정보센터 행정규칙 텍스트레이어 직접 파싱. 실제로는 업종/면적 조건부 배제이나 단순화하여 전체 배제로 처리. 자동추출 특성상 일부 지역 누락 가능",국세청고시 제2026-19호 간이과세배제기준,https://www.law.go.kr/LSW/admRulLsInfoP.do?admRulId=21174
2026-07-01,부산,수영구,용호동,"국세청고시 제2026-19호(2026.7.1. 시행, 폐지제정) 별표4 지역기준(관할 세무서: 수영세무서) - 국가법령정보센터 행정규칙 텍스트레이어 직접 파싱. 실제로는 업종/면적 조건부 배제이나 단순화하여 전체 배제로 처리. 자동추출 특성상 일부 지역 누락 가능",국세청고시 제2026-19호 간이과세배제기준,https://www.law.go.kr/LSW/admRulLsInfoP.do?admRulId=21174
2026-07-01,부산,중구,영주동,"국세청고시 제2026-19호(2026.7.1. 시행, 폐지제정) 별표4 지역기준(관할 세무서: 중부산세무서) - 국가법령정보센터 행정규칙 텍스트레이어 직접 파싱. 실제로는 업종/면적 조건부 배제이나 단순화하여 전체 배제로 처리. 자동추출 특성상 일부 지역 누락 가능",국세청고시 제2026-19호 간이과세배제기준,https://www.law.go.kr/LSW/admRulLsInfoP.do?admRulId=21174
2026-07-01,부산,해운대구,우동,"국세청고시 제2026-19호(2026.7.1. 시행, 폐지제정) 별표4 지역기준(관할 세무서: 해운대세무서) - 국가법령정보센터 행정규칙 텍스트레이어 직접 파싱. 실제로는 업종/면적 조건부 배제이나 단순화하여 전체 배제로 처리. 자동추출 특성상 일부 지역 누락 가능",국세청고시 제2026-19호 간이과세배제기준,https://www.law.go.kr/LSW/admRulLsInfoP.do?admRulId=21174
2026-07-01,부산,해운대구,좌동,"국세청고시 제2026-19호(2026.7.1. 시행, 폐지제정) 별표4 지역기준(관할 세무서: 해운대세무서) - 국가법령정보센터 행정규칙 텍스트레이어 직접 파싱. 실제로는 업종/면적 조건부 배제이나 단순화하여 전체 배제로 처리. 자동추출 특성상 일부 지역 누락 가능",국세청고시 제2026-19호 간이과세배제기준,https://www.law.go.kr/LSW/admRulLsInfoP.do?admRulId=21174
2026-07-01,부산,해운대구,중동,"국세청고시 제2026-19호(2026.7.1. 시행, 폐지제정) 별표4 지역기준(관할 세무서: 해운대세무서) - 국가법령정보센터 행정규칙 텍스트레이어 직접 파싱. 실제로는 업종/면적 조건부 배제이나 단순화하여 전체 배제로 처리. 자동추출 특성상 일부 지역 누락 가능",국세청고시 제2026-19호 간이과세배제기준,https://www.law.go.kr/LSW/admRulLsInfoP.do?admRulId=21174
2026-07-01,서울,강남구,개포동,"국세청고시 제2026-19호(2026.7.1. 시행, 폐지제정) 별표4 지역기준(관할 세무서: 삼성세무서) - 국가법령정보센터 행정규칙 텍스트레이어 직접 파싱. 실제로는 업종/면적 조건부 배제이나 단순화하여 전체 배제로 처리. 자동추출 특성상 일부 지역 누락 가능",국세청고시 제2026-19호 간이과세배제기준,https://www.law.go.kr/LSW/admRulLsInfoP.do?admRulId=21174
2026-07-01,서울,강남구,논현동,"국세청고시 제2026-19호(2026.7.1. 시행, 폐지제정) 별표4 지역기준(관할 세무서: 강남세무서) - 국가법령정보센터 행정규칙 텍스트레이어 직접 파싱. 실제로는 업종/면적 조건부 배제이나 단순화하여 전체 배제로 처리. 자동추출 특성상 일부 지역 누락 가능",국세청고시 제2026-19호 간이과세배제기준,https://www.law.go.kr/LSW/admRulLsInfoP.do?admRulId=21174
2026-07-01,서울,강남구,대치동,"국세청고시 제2026-19호(2026.7.1. 시행, 폐지제정) 별표4 지역기준(관할 세무서: 삼성세무서) - 국가법령정보센터 행정규칙 텍스트레이어 직접 파싱. 실제로는 업종/면적 조건부 배제이나 단순화하여 전체 배제로 처리. 자동추출 특성상 일부 지역 누락 가능",국세청고시 제2026-19호 간이과세배제기준,https://www.law.go.kr/LSW/admRulLsInfoP.do?admRulId=21174
2026-07-01,서울,강남구,도곡동,"국세청고시 제2026-19호(2026.7.1. 시행, 폐지제정) 별표4 지역기준(관할 세무서: 역삼세무서) - 국가법령정보센터 행정규칙 텍스트레이어 직접 파싱. 실제로는 업종/면적 조건부 배제이나 단순화하여 전체 배제로 처리. 자동추출 특성상 일부 지역 누락 가능",국세청고시 제2026-19호 간이과세배제기준,https://www.law.go.kr/LSW/admRulLsInfoP.do?admRulId=21174
2026-07-01,서울,강남구,삼성동,"국세청고시 제2026-19호(2026.7.1. 시행, 폐지제정) 별표4 지역기준(관할 세무서: 삼성세무서) - 국가법령정보센터 행정규칙 텍스트레이어 직접 파싱. 실제로는 업종/면적 조건부 배제이나 단순화하여 전체 배제로 처리. 자동추출 특성상 일부 지역 누락 가능",국세청고시 제2026-19호 간이과세배제기준,https://www.law.go.kr/LSW/admRulLsInfoP.do?admRulId=21174
2026-07-01,서울,강남구,수서동,"국세청고시 제2026-19호(2026.7.1. 시행, 폐지제정) 별표4 지역기준(관할 세무서: 삼성세무서) - 국가법령정보센터 행정규칙 텍스트레이어 직접 파싱. 실제로는 업종/면적 조건부 배제이나 단순화하여 전체 배제로 처리. 자동추출 특성상 일부 지역 누락 가능",국세청고시 제2026-19호 간이과세배제기준,https://www.law.go.kr/LSW/admRulLsInfoP.do?admRulId=21174
2026-07-01,서울,강남구,신사동,"국세청고시 제2026-19호(2026.7.1. 시행, 폐지제정) 별표4 지역기준(관할 세무서: 강남세무서) - 국가법령정보센터 행정규칙 텍스트레이어 직접 파싱. 실제로는 업종/면적 조건부 배제이나 단순화하여 전체 배제로 처리. 자동추출 특성상 일부 지역 누락 가능",국세청고시 제2026-19호 간이과세배제기준,https://www.law.go.kr/LSW/admRulLsInfoP.do?admRulId=21174
2026-07-01,서울,강남구,압구정동,"국세청고시 제2026-19호(2026.7.1. 시행, 폐지제정) 별표4 지역기준(관할 세무서: 강남세무서) - 국가법령정보센터 행정규칙 텍스트레이어 직접 파싱. 실제로는 업종/면적 조건부 배제이나 단순화하여 전체 배제로 처리. 자동추출 특성상 일부 지역 누락 가능",국세청고시 제2026-19호 간이과세배제기준,https://www.law.go.kr/LSW/admRulLsInfoP.do?admRulId=21174
2026-07-01,서울,강남구,역삼동,"국세청고시 제2026-19호(2026.7.1. 시행, 폐지제정) 별표4 지역기준(관할 세무서: 역삼세무서) - 국가법령정보센터 행정규칙 텍스트레이어 직접 파싱. 실제로는 업종/면적 조건부 배제이나 단순화하여 전체 배제로 처리. 자동추출 특성상 일부 지역 누락 가능",국세청고시 제2026-19호 간이과세배제기준,https://www.law.go.kr/LSW/admRulLsInfoP.do?admRulId=21174
2026-07-01,서울,강남구,청담동,"국세청고시 제2026-19호(2026.7.1. 시행, 폐지제정) 별표4 지역기준(관할 세무서: 강남세무서) - 국가법령정보센터 행정규칙 텍스트레이어 직접 파싱. 실제로는 업종/면적 조건부 배제이나 단순화하여 전체 배제로 처리. 자동추출 특성상 일부 지역 누락 가능",국세청고시 제2026-19호 간이과세배제기준,https://www.law.go.kr/LSW/admRulLsInfoP.do?admRulId=21174
2026-07-01,서울,강남구,포동,"국세청고시 제2026-19호(2026.7.1. 시행, 폐지제정) 별표4 지역기준(관할 세무서: 삼성세무서) - 국가법령정보센터 행정규칙 텍스트레이어 직접 파싱. 실제로는 업종/면적 조건부 배제이나 단순화하여 전체 배제로 처리. 자동추출 특성상 일부 지역 누락 가능",국세청고시 제2026-19호 간이과세배제기준,https://www.law.go.kr/LSW/admRulLsInfoP.do?admRulId=21174
2026-07-01,서울,강동구,명일동,"국세청고시 제2026-19호(2026.7.1. 시행, 폐지제정) 별표4 지역기준(관할 세무서: 강동세무서) - 국가법령정보센터 행정규칙 텍스트레이어 직접 파싱. 실제로는 업종/면적 조건부 배제이나 단순화하여 전체 배제로 처리. 자동추출 특성상 일부 지역 누락 가능",국세청고시 제2026-19호 간이과세배제기준,https://www.law.go.kr/LSW/admRulLsInfoP.do?admRulId=21174
2026-07-01,서울,강동구,천부동,"국세청고시 제2026-19호(2026.7.1. 시행, 폐지제정) 별표4 지역기준(관할 세무서: 강동세무서) - 국가법령정보센터 행정규칙 텍스트레이어 직접 파싱. 실제로는 업종/면적 조건부 배제이나 단순화하여 전체 배제로 처리. 자동추출 특성상 일부 지역 누락 가능",국세청고시 제2026-19호 간이과세배제기준,https://www.law.go.kr/LSW/admRulLsInfoP.do?admRulId=21174
2026-07-01,서울,강동구,천호동,"국세청고시 제2026-19호(2026.7.1. 시행, 폐지제정) 별표4 지역기준(관할 세무서: 강동세무서) - 국가법령정보센터 행정규칙 텍스트레이어 직접 파싱. 실제로는 업종/면적 조건부 배제이나 단순화하여 전체 배제로 처리. 자동추출 특성상 일부 지역 누락 가능",국세청고시 제2026-19호 간이과세배제기준,https://www.law.go.kr/LSW/admRulLsInfoP.do?admRulId=21174
2026-07-01,서울,강서구,곡동,"국세청고시 제2026-19호(2026.7.1. 시행, 폐지제정) 별표4 지역기준(관할 세무서: 강서세무서) - 국가법령정보센터 행정규칙 텍스트레이어 직접 파싱. 실제로는 업종/면적 조건부 배제이나 단순화하여 전체 배제로 처리. 자동추출 특성상 일부 지역 누락 가능",국세청고시 제2026-19호 간이과세배제기준,https://www.law.go.kr/LSW/admRulLsInfoP.do?admRulId=21174
2026-07-01,서울,강서구,공항동,"국세청고시 제2026-19호(2026.7.1. 시행, 폐지제정) 별표4 지역기준(관할 세무서: 강서세무서) - 국가법령정보센터 행정규칙 텍스트레이어 직접 파싱. 실제로는 업종/면적 조건부 배제이나 단순화하여 전체 배제로 처리. 자동추출 특성상 일부 지역 누락 가능",국세청고시 제2026-19호 간이과세배제기준,https://www.law.go.kr/LSW/admRulLsInfoP.do?admRulId=21174
2026-07-01,서울,강서구,과해동,"국세청고시 제2026-19호(2026.7.1. 시행, 폐지제정) 별표4 지역기준(관할 세무서: 강서세무서) - 국가법령정보센터 행정규칙 텍스트레이어 직접 파싱. 실제로는 업종/면적 조건부 배제이나 단순화하여 전체 배제로 처리. 자동추출 특성상 일부 지역 누락 가능",국세청고시 제2026-19호 간이과세배제기준,https://www.law.go.kr/LSW/admRulLsInfoP.do?admRulId=21174
2026-07-01,서울,강서구,방동,"국세청고시 제2026-19호(2026.7.1. 시행, 폐지제정) 별표4 지역기준(관할 세무서: 강서세무서) - 국가법령정보센터 행정규칙 텍스트레이어 직접 파싱. 실제로는 업종/면적 조건부 배제이나 단순화하여 전체 배제로 처리. 자동추출 특성상 일부 지역 누락 가능",국세청고시 제2026-19호 간이과세배제기준,https://www.law.go.kr/LSW/admRulLsInfoP.do?admRulId=21174
2026-07-01,서울,강서구,방화동,"국세청고시 제2026-19호(2026.7.1. 시행, 폐지제정) 별표4 지역기준(관할 세무서: 강서세무서) - 국가법령정보센터 행정규칙 텍스트레이어 직접 파싱. 실제로는 업종/면적 조건부 배제이나 단순화하여 전체 배제로 처리. 자동추출 특성상 일부 지역 누락 가능",국세청고시 제2026-19호 간이과세배제기준,https://www.law.go.kr/LSW/admRulLsInfoP.do?admRulId=21174
2026-07-01,서울,관악구,남현동,"국세청고시 제2026-19호(2026.7.1. 시행, 폐지제정) 별표4 지역기준(관할 세무서: 관악세무서) - 국가법령정보센터 행정규칙 텍스트레이어 직접 파싱. 실제로는 업종/면적 조건부 배제이나 단순화하여 전체 배제로 처리. 자동추출 특성상 일부 지역 누락 가능",국세청고시 제2026-19호 간이과세배제기준,https://www.law.go.kr/LSW/admRulLsInfoP.do?admRulId=21174
2026-07-01,서울,관악구,봉천동,"국세청고시 제2026-19호(2026.7.1. 시행, 폐지제정) 별표4 지역기준(관할 세무서: 관악세무서) - 국가법령정보센터 행정규칙 텍스트레이어 직접 파싱. 실제로는 업종/면적 조건부 배제이나 단순화하여 전체 배제로 처리. 자동추출 특성상 일부 지역 누락 가능",국세청고시 제2026-19호 간이과세배제기준,https://www.law.go.kr/LSW/admRulLsInfoP.do?admRulId=21174
2026-07-01,서울,관악구,신림동,"국세청고시 제2026-19호(2026.7.1. 시행, 폐지제정) 별표4 지역기준(관할 세무서: 관악세무서) - 국가법령정보센터 행정규칙 텍스트레이어 직접 파싱. 실제로는 업종/면적 조건부 배제이나 단순화하여 전체 배제로 처리. 자동추출 특성상 일부 지역 누락 가능",국세청고시 제2026-19호 간이과세배제기준,https://www.law.go.kr/LSW/admRulLsInfoP.do?admRulId=21174
2026-07-01,서울,구로구,구로동,"국세청고시 제2026-19호(2026.7.1. 시행, 폐지제정) 별표4 지역기준(관할 세무서: 구로세무서) - 국가법령정보센터 행정규칙 텍스트레이어 직접 파싱. 실제로는 업종/면적 조건부 배제이나 단순화하여 전체 배제로 처리. 자동추출 특성상 일부 지역 누락 가능",국세청고시 제2026-19호 간이과세배제기준,https://www.law.go.kr/LSW/admRulLsInfoP.do?admRulId=21174
2026-07-01,서울,구로구,척동,"국세청고시 제2026-19호(2026.7.1. 시행, 폐지제정) 별표4 지역기준(관할 세무서: 구로세무서) - 국가법령정보센터 행정규칙 텍스트레이어 직접 파싱. 실제로는 업종/면적 조건부 배제이나 단순화하여 전체 배제로 처리. 자동추출 특성상 일부 지역 누락 가능",국세청고시 제2026-19호 간이과세배제기준,https://www.law.go.kr/LSW/admRulLsInfoP.do?admRulId=21174
2026-07-01,서울,금천구,독동,"국세청고시 제2026-19호(2026.7.1. 시행, 폐지제정) 별표4 지역기준(관할 세무서: 금천세무서) - 국가법령정보센터 행정규칙 텍스트레이어 직접 파싱. 실제로는 업종/면적 조건부 배제이나 단순화하여 전체 배제로 처리. 자동추출 특성상 일부 지역 누락 가능",국세청고시 제2026-19호 간이과세배제기준,https://www.law.go.kr/LSW/admRulLsInfoP.do?admRulId=21174
2026-07-01,서울,금천구,시동,"국세청고시 제2026-19호(2026.7.1. 시행, 폐지제정) 별표4 지역기준(관할 세무서: 금천세무서) - 국가법령정보센터 행정규칙 텍스트레이어 직접 파싱. 실제로는 업종/면적 조건부 배제이나 단순화하여 전체 배제로 처리. 자동추출 특성상 일부 지역 누락 가능",국세청고시 제2026-19호 간이과세배제기준,https://www.law.go.kr/LSW/admRulLsInfoP.do?admRulId=21174
2026-07-01,서울,금천구,시흥동,"국세청고시 제2026-19호(2026.7.1. 시행, 폐지제정) 별표4 지역기준(관할 세무서: 금천세무서) - 국가법령정보센터 행정규칙 텍스트레이어 직접 파싱. 실제로는 업종/면적 조건부 배제이나 단순화하여 전체 배제로 처리. 자동추출 특성상 일부 지역 누락 가능",국세청고시 제2026-19호 간이과세배제기준,https://www.law.go.kr/LSW/admRulLsInfoP.do?admRulId=21174
2026-07-01,서울,노원구,상계동,"국세청고시 제2026-19호(2026.7.1. 시행, 폐지제정) 별표4 지역기준(관할 세무서: 노원세무서) - 국가법령정보센터 행정규칙 텍스트레이어 직접 파싱. 실제로는 업종/면적 조건부 배제이나 단순화하여 전체 배제로 처리. 자동추출 특성상 일부 지역 누락 가능",국세청고시 제2026-19호 간이과세배제기준,https://www.law.go.kr/LSW/admRulLsInfoP.do?admRulId=21174
2026-07-01,서울,노원구,월계동,"국세청고시 제2026-19호(2026.7.1. 시행, 폐지제정) 별표4 지역기준(관할 세무서: 노원세무서) - 국가법령정보센터 행정규칙 텍스트레이어 직접 파싱. 실제로는 업종/면적 조건부 배제이나 단순화하여 전체 배제로 처리. 자동추출 특성상 일부 지역 누락 가능",국세청고시 제2026-19호 간이과세배제기준,https://www.law.go.kr/LSW/admRulLsInfoP.do?admRulId=21174
2026-07-01,서울,노원구,중계동,"국세청고시 제2026-19호(2026.7.1. 시행, 폐지제정) 별표4 지역기준(관할 세무서: 노원세무서) - 국가법령정보센터 행정규칙 텍스트레이어 직접 파싱. 실제로는 업종/면적 조건부 배제이나 단순화하여 전체 배제로 처리. 자동추출 특성상 일부 지역 누락 가능",국세청고시 제2026-19호 간이과세배제기준,https://www.law.go.kr/LSW/admRulLsInfoP.do?admRulId=21174
2026-07-01,서울,노원구,창동,"국세청고시 제2026-19호(2026.7.1. 시행, 폐지제정) 별표4 지역기준(관할 세무서: 노원세무서) - 국가법령정보센터 행정규칙 텍스트레이어 직접 파싱. 실제로는 업종/면적 조건부 배제이나 단순화하여 전체 배제로 처리. 자동추출 특성상 일부 지역 누락 가능",국세청고시 제2026-19호 간이과세배제기준,https://www.law.go.kr/LSW/admRulLsInfoP.do?admRulId=21174
2026-07-01,서울,노원구,하계동,"국세청고시 제2026-19호(2026.7.1. 시행, 폐지제정) 별표4 지역기준(관할 세무서: 노원세무서) - 국가법령정보센터 행정규칙 텍스트레이어 직접 파싱. 실제로는 업종/면적 조건부 배제이나 단순화하여 전체 배제로 처리. 자동추출 특성상 일부 지역 누락 가능",국세청고시 제2026-19호 간이과세배제기준,https://www.law.go.kr/LSW/admRulLsInfoP.do?admRulId=21174
2026-07-01,서울,도봉구,미아동,"국세청고시 제2026-19호(2026.7.1. 시행, 폐지제정) 별표4 지역기준(관할 세무서: 도봉세무서) - 국가법령정보센터 행정규칙 텍스트레이어 직접 파싱. 실제로는 업종/면적 조건부 배제이나 단순화하여 전체 배제로 처리. 자동추출 특성상 일부 지역 누락 가능",국세청고시 제2026-19호 간이과세배제기준,https://www.law.go.kr/LSW/admRulLsInfoP.do?admRulId=21174
2026-07-01,서울,도봉구,방학동,"국세청고시 제2026-19호(2026.7.1. 시행, 폐지제정) 별표4 지역기준(관할 세무서: 도봉세무서) - 국가법령정보센터 행정규칙 텍스트레이어 직접 파싱. 실제로는 업종/면적 조건부 배제이나 단순화하여 전체 배제로 처리. 자동추출 특성상 일부 지역 누락 가능",국세청고시 제2026-19호 간이과세배제기준,https://www.law.go.kr/LSW/admRulLsInfoP.do?admRulId=21174
2026-07-01,서울,동대문구,신설동,"국세청고시 제2026-19호(2026.7.1. 시행, 폐지제정) 별표4 지역기준(관할 세무서: 동대문세무서) - 국가법령정보센터 행정규칙 텍스트레이어 직접 파싱. 실제로는 업종/면적 조건부 배제이나 단순화하여 전체 배제로 처리. 자동추출 특성상 일부 지역 누락 가능",국세청고시 제2026-19호 간이과세배제기준,https://www.law.go.kr/LSW/admRulLsInfoP.do?admRulId=21174
2026-07-01,서울,동대문구,용두동,"국세청고시 제2026-19호(2026.7.1. 시행, 폐지제정) 별표4 지역기준(관할 세무서: 동대문세무서) - 국가법령정보센터 행정규칙 텍스트레이어 직접 파싱. 실제로는 업종/면적 조건부 배제이나 단순화하여 전체 배제로 처리. 자동추출 특성상 일부 지역 누락 가능",국세청고시 제2026-19호 간이과세배제기준,https://www.law.go.kr/LSW/admRulLsInfoP.do?admRulId=21174
2026-07-01,서울,동대문구,장안평동,"국세청고시 제2026-19호(2026.7.1. 시행, 폐지제정) 별표4 지역기준(관할 세무서: 동대문세무서) - 국가법령정보센터 행정규칙 텍스트레이어 직접 파싱. 실제로는 업종/면적 조건부 배제이나 단순화하여 전체 배제로 처리. 자동추출 특성상 일부 지역 누락 가능",국세청고시 제2026-19호 간이과세배제기준,https://www.law.go.kr/LSW/admRulLsInfoP.do?admRulId=21174
2026-07-01,서울,동대문구,전농동,"국세청고시 제2026-19호(2026.7.1. 시행, 폐지제정) 별표4 지역기준(관할 세무서: 동대문세무서) - 국가법령정보센터 행정규칙 텍스트레이어 직접 파싱. 실제로는 업종/면적 조건부 배제이나 단순화하여 전체 배제로 처리. 자동추출 특성상 일부 지역 누락 가능",국세청고시 제2026-19호 간이과세배제기준,https://www.law.go.kr/LSW/admRulLsInfoP.do?admRulId=21174
2026-07-01,서울,동대문구,제기동,"국세청고시 제2026-19호(2026.7.1. 시행, 폐지제정) 별표4 지역기준(관할 세무서: 동대문세무서) - 국가법령정보센터 행정규칙 텍스트레이어 직접 파싱. 실제로는 업종/면적 조건부 배제이나 단순화하여 전체 배제로 처리. 자동추출 특성상 일부 지역 누락 가능",국세청고시 제2026-19호 간이과세배제기준,https://www.law.go.kr/LSW/admRulLsInfoP.do?admRulId=21174
2026-07-01,서울,동대문구,회기동,"국세청고시 제2026-19호(2026.7.1. 시행, 폐지제정) 별표4 지역기준(관할 세무서: 동대문세무서) - 국가법령정보센터 행정규칙 텍스트레이어 직접 파싱. 실제로는 업종/면적 조건부 배제이나 단순화하여 전체 배제로 처리. 자동추출 특성상 일부 지역 누락 가능",국세청고시 제2026-19호 간이과세배제기준,https://www.law.go.kr/LSW/admRulLsInfoP.do?admRulId=21174
2026-07-01,서울,동작구,노량진1동,"국세청고시 제2026-19호(2026.7.1. 시행, 폐지제정) 별표4 지역기준(관할 세무서: 동작세무서) - 국가법령정보센터 행정규칙 텍스트레이어 직접 파싱. 실제로는 업종/면적 조건부 배제이나 단순화하여 전체 배제로 처리. 자동추출 특성상 일부 지역 누락 가능",국세청고시 제2026-19호 간이과세배제기준,https://www.law.go.kr/LSW/admRulLsInfoP.do?admRulId=21174
2026-07-01,서울,동작구,노량진2동,"국세청고시 제2026-19호(2026.7.1. 시행, 폐지제정) 별표4 지역기준(관할 세무서: 동작세무서) - 국가법령정보센터 행정규칙 텍스트레이어 직접 파싱. 실제로는 업종/면적 조건부 배제이나 단순화하여 전체 배제로 처리. 자동추출 특성상 일부 지역 누락 가능",국세청고시 제2026-19호 간이과세배제기준,https://www.law.go.kr/LSW/admRulLsInfoP.do?admRulId=21174
2026-07-01,서울,동작구,노량진동,"국세청고시 제2026-19호(2026.7.1. 시행, 폐지제정) 별표4 지역기준(관할 세무서: 동작세무서) - 국가법령정보센터 행정규칙 텍스트레이어 직접 파싱. 실제로는 업종/면적 조건부 배제이나 단순화하여 전체 배제로 처리. 자동추출 특성상 일부 지역 누락 가능",국세청고시 제2026-19호 간이과세배제기준,https://www.law.go.kr/LSW/admRulLsInfoP.do?admRulId=21174
2026-07-01,서울,동작구,대방동,"국세청고시 제2026-19호(2026.7.1. 시행, 폐지제정) 별표4 지역기준(관할 세무서: 동작세무서) - 국가법령정보센터 행정규칙 텍스트레이어 직접 파싱. 실제로는 업종/면적 조건부 배제이나 단순화하여 전체 배제로 처리. 자동추출 특성상 일부 지역 누락 가능",국세청고시 제2026-19호 간이과세배제기준,https://www.law.go.kr/LSW/admRulLsInfoP.do?admRulId=21174
2026-07-01,서울,동작구,신대방동,"국세청고시 제2026-19호(2026.7.1. 시행, 폐지제정) 별표4 지역기준(관할 세무서: 동작세무서) - 국가법령정보센터 행정규칙 텍스트레이어 직접 파싱. 실제로는 업종/면적 조건부 배제이나 단순화하여 전체 배제로 처리. 자동추출 특성상 일부 지역 누락 가능",국세청고시 제2026-19호 간이과세배제기준,https://www.law.go.kr/LSW/admRulLsInfoP.do?admRulId=21174
2026-07-01,서울,마포구,공덕동,"국세청고시 제2026-19호(2026.7.1. 시행, 폐지제정) 별표4 지역기준(관할 세무서: 마포세무서) - 국가법령정보센터 행정규칙 텍스트레이어 직접 파싱. 실제로는 업종/면적 조건부 배제이나 단순화하여 전체 배제로 처리. 자동추출 특성상 일부 지역 누락 가능",국세청고시 제2026-19호 간이과세배제기준,https://www.law.go.kr/LSW/admRulLsInfoP.do?admRulId=21174
2026-07-01,서울,마포구,노고산동,"국세청고시 제2026-19호(2026.7.1. 시행, 폐지제정) 별표4 지역기준(관할 세무서: 마포세무서) - 국가법령정보센터 행정규칙 텍스트레이어 직접 파싱. 실제로는 업종/면적 조건부 배제이나 단순화하여 전체 배제로 처리. 자동추출 특성상 일부 지역 누락 가능",국세청고시 제2026-19호 간이과세배제기준,https://www.law.go.kr/LSW/admRulLsInfoP.do?admRulId=21174
2026-07-01,서울,마포구,도화동,"국세청고시 제2026-19호(2026.7.1. 시행, 폐지제정) 별표4 지역기준(관할 세무서: 마포세무서) - 국가법령정보센터 행정규칙 텍스트레이어 직접 파싱. 실제로는 업종/면적 조건부 배제이나 단순화하여 전체 배제로 처리. 자동추출 특성상 일부 지역 누락 가능",국세청고시 제2026-19호 간이과세배제기준,https://www.law.go.kr/LSW/admRulLsInfoP.do?admRulId=21174
2026-07-01,서울,마포구,마포동,"국세청고시 제2026-19호(2026.7.1. 시행, 폐지제정) 별표4 지역기준(관할 세무서: 마포세무서) - 국가법령정보센터 행정규칙 텍스트레이어 직접 파싱. 실제로는 업종/면적 조건부 배제이나 단순화하여 전체 배제로 처리. 자동추출 특성상 일부 지역 누락 가능",국세청고시 제2026-19호 간이과세배제기준,https://www.law.go.kr/LSW/admRulLsInfoP.do?admRulId=21174
2026-07-01,서울,마포구,상수동,"국세청고시 제2026-19호(2026.7.1. 시행, 폐지제정) 별표4 지역기준(관할 세무서: 마포세무서) - 국가법령정보센터 행정규칙 텍스트레이어 직접 파싱. 실제로는 업종/면적 조건부 배제이나 단순화하여 전체 배제로 처리. 자동추출 특성상 일부 지역 누락 가능",국세청고시 제2026-19호 간이과세배제기준,https://www.law.go.kr/LSW/admRulLsInfoP.do?admRulId=21174
2026-07-01,서울,마포구,서교동,"국세청고시 제2026-19호(2026.7.1. 시행, 폐지제정) 별표4 지역기준(관할 세무서: 마포세무서) - 국가법령정보센터 행정규칙 텍스트레이어 직접 파싱. 실제로는 업종/면적 조건부 배제이나 단순화하여 전체 배제로 처리. 자동추출 특성상 일부 지역 누락 가능",국세청고시 제2026-19호 간이과세배제기준,https://www.law.go.kr/LSW/admRulLsInfoP.do?admRulId=21174
2026-07-01,서울,마포구,성산동,"국세청고시 제2026-19호(2026.7.1. 시행, 폐지제정) 별표4 지역기준(관할 세무서: 마포세무서) - 국가법령정보센터 행정규칙 텍스트레이어 직접 파싱. 실제로는 업종/면적 조건부 배제이나 단순화하여 전체 배제로 처리. 자동추출 특성상 일부 지역 누락 가능",국세청고시 제2026-19호 간이과세배제기준,https://www.law.go.kr/LSW/admRulLsInfoP.do?admRulId=21174
2026-07-01,서울,마포구,신공덕동,"국세청고시 제2026-19호(2026.7.1. 시행, 폐지제정) 별표4 지역기준(관할 세무서: 마포세무서) - 국가법령정보센터 행정규칙 텍스트레이어 직접 파싱. 실제로는 업종/면적 조건부 배제이나 단순화하여 전체 배제로 처리. 자동추출 특성상 일부 지역 누락 가능",국세청고시 제2026-19호 간이과세배제기준,https://www.law.go.kr/LSW/admRulLsInfoP.do?admRulId=21174
2026-07-01,서울,마포구,합정동,"국세청고시 제2026-19호(2026.7.1. 시행, 폐지제정) 별표4 지역기준(관할 세무서: 마포세무서) - 국가법령정보센터 행정규칙 텍스트레이어 직접 파싱. 실제로는 업종/면적 조건부 배제이나 단순화하여 전체 배제로 처리. 자동추출 특성상 일부 지역 누락 가능",국세청고시 제2026-19호 간이과세배제기준,https://www.law.go.kr/LSW/admRulLsInfoP.do?admRulId=21174
2026-07-01,서울,서대문구,대현동,"국세청고시 제2026-19호(2026.7.1. 시행, 폐지제정) 별표4 지역기준(관할 세무서: 서대문세무서) - 국가법령정보센터 행정규칙 텍스트레이어 직접 파싱. 실제로는 업종/면적 조건부 배제이나 단순화하여 전체 배제로 처리. 자동추출 특성상 일부 지역 누락 가능",국세청고시 제2026-19호 간이과세배제기준,https://www.law.go.kr/LSW/admRulLsInfoP.do?admRulId=21174
2026-07-01,서울,서대문구,연희동,"국세청고시 제2026-19호(2026.7.1. 시행, 폐지제정) 별표4 지역기준(관할 세무서: 서대문세무서) - 국가법령정보센터 행정규칙 텍스트레이어 직접 파싱. 실제로는 업종/면적 조건부 배제이나 단순화하여 전체 배제로 처리. 자동추출 특성상 일부 지역 누락 가능",국세청고시 제2026-19호 간이과세배제기준,https://www.law.go.kr/LSW/admRulLsInfoP.do?admRulId=21174
2026-07-01,서울,서대문구,창천동,"국세청고시 제2026-19호(2026.7.1. 시행, 폐지제정) 별표4 지역기준(관할 세무서: 서대문세무서) - 국가법령정보센터 행정규칙 텍스트레이어 직접 파싱. 실제로는 업종/면적 조건부 배제이나 단순화하여 전체 배제로 처리. 자동추출 특성상 일부 지역 누락 가능",국세청고시 제2026-19호 간이과세배제기준,https://www.law.go.kr/LSW/admRulLsInfoP.do?admRulId=21174
2026-07-01,서울,서대문구,홍제1동,"국세청고시 제2026-19호(2026.7.1. 시행, 폐지제정) 별표4 지역기준(관할 세무서: 서대문세무서) - 국가법령정보센터 행정규칙 텍스트레이어 직접 파싱. 실제로는 업종/면적 조건부 배제이나 단순화하여 전체 배제로 처리. 자동추출 특성상 일부 지역 누락 가능",국세청고시 제2026-19호 간이과세배제기준,https://www.law.go.kr/LSW/admRulLsInfoP.do?admRulId=21174
2026-07-01,서울,서대문구,홍제3동,"국세청고시 제2026-19호(2026.7.1. 시행, 폐지제정) 별표4 지역기준(관할 세무서: 서대문세무서) - 국가법령정보센터 행정규칙 텍스트레이어 직접 파싱. 실제로는 업종/면적 조건부 배제이나 단순화하여 전체 배제로 처리. 자동추출 특성상 일부 지역 누락 가능",국세청고시 제2026-19호 간이과세배제기준,https://www.law.go.kr/LSW/admRulLsInfoP.do?admRulId=21174
2026-07-01,서울,서대문구,홍제4동,"국세청고시 제2026-19호(2026.7.1. 시행, 폐지제정) 별표4 지역기준(관할 세무서: 서대문세무서) - 국가법령정보센터 행정규칙 텍스트레이어 직접 파싱. 실제로는 업종/면적 조건부 배제이나 단순화하여 전체 배제로 처리. 자동추출 특성상 일부 지역 누락 가능",국세청고시 제2026-19호 간이과세배제기준,https://www.law.go.kr/LSW/admRulLsInfoP.do?admRulId=21174
2026-07-01,서울,서초구,반포동,"국세청고시 제2026-19호(2026.7.1. 시행, 폐지제정) 별표4 지역기준(관할 세무서: 반포세무서) - 국가법령정보센터 행정규칙 텍스트레이어 직접 파싱. 실제로는 업종/면적 조건부 배제이나 단순화하여 전체 배제로 처리. 자동추출 특성상 일부 지역 누락 가능",국세청고시 제2026-19호 간이과세배제기준,https://www.law.go.kr/LSW/admRulLsInfoP.do?admRulId=21174
2026-07-01,서울,서초구,방배동,"국세청고시 제2026-19호(2026.7.1. 시행, 폐지제정) 별표4 지역기준(관할 세무서: 반포세무서) - 국가법령정보센터 행정규칙 텍스트레이어 직접 파싱. 실제로는 업종/면적 조건부 배제이나 단순화하여 전체 배제로 처리. 자동추출 특성상 일부 지역 누락 가능",국세청고시 제2026-19호 간이과세배제기준,https://www.law.go.kr/LSW/admRulLsInfoP.do?admRulId=21174
2026-07-01,서울,서초구,서초동,"국세청고시 제2026-19호(2026.7.1. 시행, 폐지제정) 별표4 지역기준(관할 세무서: 서초세무서) - 국가법령정보센터 행정규칙 텍스트레이어 직접 파싱. 실제로는 업종/면적 조건부 배제이나 단순화하여 전체 배제로 처리. 자동추출 특성상 일부 지역 누락 가능",국세청고시 제2026-19호 간이과세배제기준,https://www.law.go.kr/LSW/admRulLsInfoP.do?admRulId=21174
2026-07-01,서울,서초구,양재동,"국세청고시 제2026-19호(2026.7.1. 시행, 폐지제정) 별표4 지역기준(관할 세무서: 서초세무서) - 국가법령정보센터 행정규칙 텍스트레이어 직접 파싱. 실제로는 업종/면적 조건부 배제이나 단순화하여 전체 배제로 처리. 자동추출 특성상 일부 지역 누락 가능",국세청고시 제2026-19호 간이과세배제기준,https://www.law.go.kr/LSW/admRulLsInfoP.do?admRulId=21174
2026-07-01,서울,서초구,잠원동,"국세청고시 제2026-19호(2026.7.1. 시행, 폐지제정) 별표4 지역기준(관할 세무서: 반포세무서) - 국가법령정보센터 행정규칙 텍스트레이어 직접 파싱. 실제로는 업종/면적 조건부 배제이나 단순화하여 전체 배제로 처리. 자동추출 특성상 일부 지역 누락 가능",국세청고시 제2026-19호 간이과세배제기준,https://www.law.go.kr/LSW/admRulLsInfoP.do?admRulId=21174
2026-07-01,서울,성동구,광장동,"국세청고시 제2026-19호(2026.7.1. 시행, 폐지제정) 별표4 지역기준(관할 세무서: 성동세무서) - 국가법령정보센터 행정규칙 텍스트레이어 직접 파싱. 실제로는 업종/면적 조건부 배제이나 단순화하여 전체 배제로 처리. 자동추출 특성상 일부 지역 누락 가능",국세청고시 제2026-19호 간이과세배제기준,https://www.law.go.kr/LSW/admRulLsInfoP.do?admRulId=21174
2026-07-01,서울,성동구,구의동,"국세청고시 제2026-19호(2026.7.1. 시행, 폐지제정) 별표4 지역기준(관할 세무서: 성동세무서) - 국가법령정보센터 행정규칙 텍스트레이어 직접 파싱. 실제로는 업종/면적 조건부 배제이나 단순화하여 전체 배제로 처리. 자동추출 특성상 일부 지역 누락 가능",국세청고시 제2026-19호 간이과세배제기준,https://www.law.go.kr/LSW/admRulLsInfoP.do?admRulId=21174
2026-07-01,서울,성동구,자양동,"국세청고시 제2026-19호(2026.7.1. 시행, 폐지제정) 별표4 지역기준(관할 세무서: 성동세무서) - 국가법령정보센터 행정규칙 텍스트레이어 직접 파싱. 실제로는 업종/면적 조건부 배제이나 단순화하여 전체 배제로 처리. 자동추출 특성상 일부 지역 누락 가능",국세청고시 제2026-19호 간이과세배제기준,https://www.law.go.kr/LSW/admRulLsInfoP.do?admRulId=21174
2026-07-01,서울,성동구,행당동,"국세청고시 제2026-19호(2026.7.1. 시행, 폐지제정) 별표4 지역기준(관할 세무서: 성동세무서) - 국가법령정보센터 행정규칙 텍스트레이어 직접 파싱. 실제로는 업종/면적 조건부 배제이나 단순화하여 전체 배제로 처리. 자동추출 특성상 일부 지역 누락 가능",국세청고시 제2026-19호 간이과세배제기준,https://www.law.go.kr/LSW/admRulLsInfoP.do?admRulId=21174
2026-07-01,서울,성동구,화양동,"국세청고시 제2026-19호(2026.7.1. 시행, 폐지제정) 별표4 지역기준(관할 세무서: 성동세무서) - 국가법령정보센터 행정규칙 텍스트레이어 직접 파싱. 실제로는 업종/면적 조건부 배제이나 단순화하여 전체 배제로 처리. 자동추출 특성상 일부 지역 누락 가능",국세청고시 제2026-19호 간이과세배제기준,https://www.law.go.kr/LSW/admRulLsInfoP.do?admRulId=21174
2026-07-01,서울,성북구,길음동,"국세청고시 제2026-19호(2026.7.1. 시행, 폐지제정) 별표4 지역기준(관할 세무서: 성북세무서) - 국가법령정보센터 행정규칙 텍스트레이어 직접 파싱. 실제로는 업종/면적 조건부 배제이나 단순화하여 전체 배제로 처리. 자동추출 특성상 일부 지역 누락 가능",국세청고시 제2026-19호 간이과세배제기준,https://www.law.go.kr/LSW/admRulLsInfoP.do?admRulId=21174
2026-07-01,서울,성북구,월곡동,"국세청고시 제2026-19호(2026.7.1. 시행, 폐지제정) 별표4 지역기준(관할 세무서: 성북세무서) - 국가법령정보센터 행정규칙 텍스트레이어 직접 파싱. 실제로는 업종/면적 조건부 배제이나 단순화하여 전체 배제로 처리. 자동추출 특성상 일부 지역 누락 가능",국세청고시 제2026-19호 간이과세배제기준,https://www.law.go.kr/LSW/admRulLsInfoP.do?admRulId=21174
2026-07-01,서울,성북구,하월곡동,"국세청고시 제2026-19호(2026.7.1. 시행, 폐지제정) 별표4 지역기준(관할 세무서: 성북세무서) - 국가법령정보센터 행정규칙 텍스트레이어 직접 파싱. 실제로는 업종/면적 조건부 배제이나 단순화하여 전체 배제로 처리. 자동추출 특성상 일부 지역 누락 가능",국세청고시 제2026-19호 간이과세배제기준,https://www.law.go.kr/LSW/admRulLsInfoP.do?admRulId=21174
2026-07-01,서울,송파구,문정동,"국세청고시 제2026-19호(2026.7.1. 시행, 폐지제정) 별표4 지역기준(관할 세무서: 송파세무서) - 국가법령정보센터 행정규칙 텍스트레이어 직접 파싱. 실제로는 업종/면적 조건부 배제이나 단순화하여 전체 배제로 처리. 자동추출 특성상 일부 지역 누락 가능",국세청고시 제2026-19호 간이과세배제기준,https://www.law.go.kr/LSW/admRulLsInfoP.do?admRulId=21174
2026-07-01,서울,송파구,방이동,"국세청고시 제2026-19호(2026.7.1. 시행, 폐지제정) 별표4 지역기준(관할 세무서: 잠실세무서) - 국가법령정보센터 행정규칙 텍스트레이어 직접 파싱. 실제로는 업종/면적 조건부 배제이나 단순화하여 전체 배제로 처리. 자동추출 특성상 일부 지역 누락 가능",국세청고시 제2026-19호 간이과세배제기준,https://www.law.go.kr/LSW/admRulLsInfoP.do?admRulId=21174
2026-07-01,서울,송파구,신천동,"국세청고시 제2026-19호(2026.7.1. 시행, 폐지제정) 별표4 지역기준(관할 세무서: 잠실세무서) - 국가법령정보센터 행정규칙 텍스트레이어 직접 파싱. 실제로는 업종/면적 조건부 배제이나 단순화하여 전체 배제로 처리. 자동추출 특성상 일부 지역 누락 가능",국세청고시 제2026-19호 간이과세배제기준,https://www.law.go.kr/LSW/admRulLsInfoP.do?admRulId=21174
2026-07-01,서울,송파구,잠실동,"국세청고시 제2026-19호(2026.7.1. 시행, 폐지제정) 별표4 지역기준(관할 세무서: 잠실세무서) - 국가법령정보센터 행정규칙 텍스트레이어 직접 파싱. 실제로는 업종/면적 조건부 배제이나 단순화하여 전체 배제로 처리. 자동추출 특성상 일부 지역 누락 가능",국세청고시 제2026-19호 간이과세배제기준,https://www.law.go.kr/LSW/admRulLsInfoP.do?admRulId=21174
2026-07-01,서울,양천구,신월동,"국세청고시 제2026-19호(2026.7.1. 시행, 폐지제정) 별표4 지역기준(관할 세무서: 양천세무서) - 국가법령정보센터 행정규칙 텍스트레이어 직접 파싱. 실제로는 업종/면적 조건부 배제이나 단순화하여 전체 배제로 처리. 자동추출 특성상 일부 지역 누락 가능",국세청고시 제2026-19호 간이과세배제기준,https://www.law.go.kr/LSW/admRulLsInfoP.do?admRulId=21174
2026-07-01,서울,양천구,신정동,"국세청고시 제2026-19호(2026.7.1. 시행, 폐지제정) 별표4 지역기준(관할 세무서: 양천세무서) - 국가법령정보센터 행정규칙 텍스트레이어 직접 파싱. 실제로는 업종/면적 조건부 배제이나 단순화하여 전체 배제로 처리. 자동추출 특성상 일부 지역 누락 가능",국세청고시 제2026-19호 간이과세배제기준,https://www.law.go.kr/LSW/admRulLsInfoP.do?admRulId=21174
2026-07-01,서울,영등포구,당산6가,"국세청고시 제2026-19호(2026.7.1. 시행, 폐지제정) 별표4 지역기준(관할 세무서: 영등포세무서) - 국가법령정보센터 행정규칙 텍스트레이어 직접 파싱. 실제로는 업종/면적 조건부 배제이나 단순화하여 전체 배제로 처리. 자동추출 특성상 일부 지역 누락 가능",국세청고시 제2026-19호 간이과세배제기준,https://www.law.go.kr/LSW/admRulLsInfoP.do?admRulId=21174
2026-07-01,서울,영등포구,여의도동,"국세청고시 제2026-19호(2026.7.1. 시행, 폐지제정) 별표4 지역기준(관할 세무서: 영등포세무서) - 국가법령정보센터 행정규칙 텍스트레이어 직접 파싱. 실제로는 업종/면적 조건부 배제이나 단순화하여 전체 배제로 처리. 자동추출 특성상 일부 지역 누락 가능",국세청고시 제2026-19호 간이과세배제기준,https://www.law.go.kr/LSW/admRulLsInfoP.do?admRulId=21174
2026-07-01,서울,영등포구,영등포1가,"국세청고시 제2026-19호(2026.7.1. 시행, 폐지제정) 별표4 지역기준(관할 세무서: 영등포세무서) - 국가법령정보센터 행정규칙 텍스트레이어 직접 파싱. 실제로는 업종/면적 조건부 배제이나 단순화하여 전체 배제로 처리. 자동추출 특성상 일부 지역 누락 가능",국세청고시 제2026-19호 간이과세배제기준,https://www.law.go.kr/LSW/admRulLsInfoP.do?admRulId=21174
2026-07-01,서울,영등포구,영등포2가,"국세청고시 제2026-19호(2026.7.1. 시행, 폐지제정) 별표4 지역기준(관할 세무서: 영등포세무서) - 국가법령정보센터 행정규칙 텍스트레이어 직접 파싱. 실제로는 업종/면적 조건부 배제이나 단순화하여 전체 배제로 처리. 자동추출 특성상 일부 지역 누락 가능",국세청고시 제2026-19호 간이과세배제기준,https://www.law.go.kr/LSW/admRulLsInfoP.do?admRulId=21174
2026-07-01,서울,영등포구,영등포8가,"국세청고시 제2026-19호(2026.7.1. 시행, 폐지제정) 별표4 지역기준(관할 세무서: 영등포세무서) - 국가법령정보센터 행정규칙 텍스트레이어 직접 파싱. 실제로는 업종/면적 조건부 배제이나 단순화하여 전체 배제로 처리. 자동추출 특성상 일부 지역 누락 가능",국세청고시 제2026-19호 간이과세배제기준,https://www.law.go.kr/LSW/admRulLsInfoP.do?admRulId=21174
2026-07-01,서울,용산구,한강로2가,"국세청고시 제2026-19호(2026.7.1. 시행, 폐지제정) 별표4 지역기준(관할 세무서: 용산세무서) - 국가법령정보센터 행정규칙 텍스트레이어 직접 파싱. 실제로는 업종/면적 조건부 배제이나 단순화하여 전체 배제로 처리. 자동추출 특성상 일부 지역 누락 가능",국세청고시 제2026-19호 간이과세배제기준,https://www.law.go.kr/LSW/admRulLsInfoP.do?admRulId=21174
2026-07-01,서울,용산구,한강로3가,"국세청고시 제2026-19호(2026.7.1. 시행, 폐지제정) 별표4 지역기준(관할 세무서: 용산세무서) - 국가법령정보센터 행정규칙 텍스트레이어 직접 파싱. 실제로는 업종/면적 조건부 배제이나 단순화하여 전체 배제로 처리. 자동추출 특성상 일부 지역 누락 가능",국세청고시 제2026-19호 간이과세배제기준,https://www.law.go.kr/LSW/admRulLsInfoP.do?admRulId=21174
2026-07-01,서울,용산구,한남동,"국세청고시 제2026-19호(2026.7.1. 시행, 폐지제정) 별표4 지역기준(관할 세무서: 용산세무서) - 국가법령정보센터 행정규칙 텍스트레이어 직접 파싱. 실제로는 업종/면적 조건부 배제이나 단순화하여 전체 배제로 처리. 자동추출 특성상 일부 지역 누락 가능",국세청고시 제2026-19호 간이과세배제기준,https://www.law.go.kr/LSW/admRulLsInfoP.do?admRulId=21174
2026-07-01,서울,은평구,녹번동,"국세청고시 제2026-19호(2026.7.1. 시행, 폐지제정) 별표4 지역기준(관할 세무서: 은평세무서) - 국가법령정보센터 행정규칙 텍스트레이어 직접 파싱. 실제로는 업종/면적 조건부 배제이나 단순화하여 전체 배제로 처리. 자동추출 특성상 일부 지역 누락 가능",국세청고시 제2026-19호 간이과세배제기준,https://www.law.go.kr/LSW/admRulLsInfoP.do?admRulId=21174
2026-07-01,서울,은평구,불광동,"국세청고시 제2026-19호(2026.7.1. 시행, 폐지제정) 별표4 지역기준(관할 세무서: 은평세무서) - 국가법령정보센터 행정규칙 텍스트레이어 직접 파싱. 실제로는 업종/면적 조건부 배제이나 단순화하여 전체 배제로 처리. 자동추출 특성상 일부 지역 누락 가능",국세청고시 제2026-19호 간이과세배제기준,https://www.law.go.kr/LSW/admRulLsInfoP.do?admRulId=21174
2026-07-01,서울,은평구,수색동,"국세청고시 제2026-19호(2026.7.1. 시행, 폐지제정) 별표4 지역기준(관할 세무서: 은평세무서) - 국가법령정보센터 행정규칙 텍스트레이어 직접 파싱. 실제로는 업종/면적 조건부 배제이나 단순화하여 전체 배제로 처리. 자동추출 특성상 일부 지역 누락 가능",국세청고시 제2026-19호 간이과세배제기준,https://www.law.go.kr/LSW/admRulLsInfoP.do?admRulId=21174
2026-07-01,서울,은평구,응암동,"국세청고시 제2026-19호(2026.7.1. 시행, 폐지제정) 별표4 지역기준(관할 세무서: 은평세무서) - 국가법령정보센터 행정규칙 텍스트레이어 직접 파싱. 실제로는 업종/면적 조건부 배제이나 단순화하여 전체 배제로 처리. 자동추출 특성상 일부 지역 누락 가능",국세청고시 제2026-19호 간이과세배제기준,https://www.law.go.kr/LSW/admRulLsInfoP.do?admRulId=21174
2026-07-01,서울,종로구,견지동,"국세청고시 제2026-19호(2026.7.1. 시행, 폐지제정) 별표4 지역기준(관할 세무서: 종로세무서) - 국가법령정보센터 행정규칙 텍스트레이어 직접 파싱. 실제로는 업종/면적 조건부 배제이나 단순화하여 전체 배제로 처리. 자동추출 특성상 일부 지역 누락 가능",국세청고시 제2026-19호 간이과세배제기준,https://www.law.go.kr/LSW/admRulLsInfoP.do?admRulId=21174
2026-07-01,서울,종로구,공평동,"국세청고시 제2026-19호(2026.7.1. 시행, 폐지제정) 별표4 지역기준(관할 세무서: 종로세무서) - 국가법령정보센터 행정규칙 텍스트레이어 직접 파싱. 실제로는 업종/면적 조건부 배제이나 단순화하여 전체 배제로 처리. 자동추출 특성상 일부 지역 누락 가능",국세청고시 제2026-19호 간이과세배제기준,https://www.law.go.kr/LSW/admRulLsInfoP.do?admRulId=21174
2026-07-01,서울,종로구,관수동,"국세청고시 제2026-19호(2026.7.1. 시행, 폐지제정) 별표4 지역기준(관할 세무서: 종로세무서) - 국가법령정보센터 행정규칙 텍스트레이어 직접 파싱. 실제로는 업종/면적 조건부 배제이나 단순화하여 전체 배제로 처리. 자동추출 특성상 일부 지역 누락 가능",국세청고시 제2026-19호 간이과세배제기준,https://www.law.go.kr/LSW/admRulLsInfoP.do?admRulId=21174
2026-07-01,서울,종로구,관철동,"국세청고시 제2026-19호(2026.7.1. 시행, 폐지제정) 별표4 지역기준(관할 세무서: 종로세무서) - 국가법령정보센터 행정규칙 텍스트레이어 직접 파싱. 실제로는 업종/면적 조건부 배제이나 단순화하여 전체 배제로 처리. 자동추출 특성상 일부 지역 누락 가능",국세청고시 제2026-19호 간이과세배제기준,https://www.law.go.kr/LSW/admRulLsInfoP.do?admRulId=21174
2026-07-01,서울,종로구,관훈동,"국세청고시 제2026-19호(2026.7.1. 시행, 폐지제정) 별표4 지역기준(관할 세무서: 종로세무서) - 국가법령정보센터 행정규칙 텍스트레이어 직접 파싱. 실제로는 업종/면적 조건부 배제이나 단순화하여 전체 배제로 처리. 자동추출 특성상 일부 지역 누락 가능",국세청고시 제2026-19호 간이과세배제기준,https://www.law.go.kr/LSW/admRulLsInfoP.do?admRulId=21174
2026-07-01,서울,종로구,교남동,"국세청고시 제2026-19호(2026.7.1. 시행, 폐지제정) 별표4 지역기준(관할 세무서: 종로세무서) - 국가법령정보센터 행정규칙 텍스트레이어 직접 파싱. 실제로는 업종/면적 조건부 배제이나 단순화하여 전체 배제로 처리. 자동추출 특성상 일부 지역 누락 가능",국세청고시 제2026-19호 간이과세배제기준,https://www.law.go.kr/LSW/admRulLsInfoP.do?admRulId=21174
2026-07-01,서울,종로구,구기동,"국세청고시 제2026-19호(2026.7.1. 시행, 폐지제정) 별표4 지역기준(관할 세무서: 종로세무서) - 국가법령정보센터 행정규칙 텍스트레이어 직접 파싱. 실제로는 업종/면적 조건부 배제이나 단순화하여 전체 배제로 처리. 자동추출 특성상 일부 지역 누락 가능",국세청고시 제2026-19호 간이과세배제기준,https://www.law.go.kr/LSW/admRulLsInfoP.do?admRulId=21174
2026-07-01,서울,종로구,낙원동,"국세청고시 제2026-19호(2026.7.1. 시행, 폐지제정) 별표4 지역기준(관할 세무서: 종로세무서) - 국가법령정보센터 행정규칙 텍스트레이어 직접 파싱. 실제로는 업종/면적 조건부 배제이나 단순화하여 전체 배제로 처리. 자동추출 특성상 일부 지역 누락 가능",국세청고시 제2026-19호 간이과세배제기준,https://www.law.go.kr/LSW/admRulLsInfoP.do?admRulId=21174
2026-07-01,서울,종로구,내수동,"국세청고시 제2026-19호(2026.7.1. 시행, 폐지제정) 별표4 지역기준(관할 세무서: 종로세무서) - 국가법령정보센터 행정규칙 텍스트레이어 직접 파싱. 실제로는 업종/면적 조건부 배제이나 단순화하여 전체 배제로 처리. 자동추출 특성상 일부 지역 누락 가능",국세청고시 제2026-19호 간이과세배제기준,https://www.law.go.kr/LSW/admRulLsInfoP.do?admRulId=21174
2026-07-01,서울,종로구,내자동,"국세청고시 제2026-19호(2026.7.1. 시행, 폐지제정) 별표4 지역기준(관할 세무서: 종로세무서) - 국가법령정보센터 행정규칙 텍스트레이어 직접 파싱. 실제로는 업종/면적 조건부 배제이나 단순화하여 전체 배제로 처리. 자동추출 특성상 일부 지역 누락 가능",국세청고시 제2026-19호 간이과세배제기준,https://www.law.go.kr/LSW/admRulLsInfoP.do?admRulId=21174
2026-07-01,서울,종로구,당주동,"국세청고시 제2026-19호(2026.7.1. 시행, 폐지제정) 별표4 지역기준(관할 세무서: 종로세무서) - 국가법령정보센터 행정규칙 텍스트레이어 직접 파싱. 실제로는 업종/면적 조건부 배제이나 단순화하여 전체 배제로 처리. 자동추출 특성상 일부 지역 누락 가능",국세청고시 제2026-19호 간이과세배제기준,https://www.law.go.kr/LSW/admRulLsInfoP.do?admRulId=21174
2026-07-01,서울,종로구,도렴동,"국세청고시 제2026-19호(2026.7.1. 시행, 폐지제정) 별표4 지역기준(관할 세무서: 종로세무서) - 국가법령정보센터 행정규칙 텍스트레이어 직접 파싱. 실제로는 업종/면적 조건부 배제이나 단순화하여 전체 배제로 처리. 자동추출 특성상 일부 지역 누락 가능",국세청고시 제2026-19호 간이과세배제기준,https://www.law.go.kr/LSW/admRulLsInfoP.do?admRulId=21174
2026-07-01,서울,종로구,돈의동,"국세청고시 제2026-19호(2026.7.1. 시행, 폐지제정) 별표4 지역기준(관할 세무서: 종로세무서) - 국가법령정보센터 행정규칙 텍스트레이어 직접 파싱. 실제로는 업종/면적 조건부 배제이나 단순화하여 전체 배제로 처리. 자동추출 특성상 일부 지역 누락 가능",국세청고시 제2026-19호 간이과세배제기준,https://www.law.go.kr/LSW/admRulLsInfoP.do?admRulId=21174
2026-07-01,서울,종로구,명륜2가,"국세청고시 제2026-19호(2026.7.1. 시행, 폐지제정) 별표4 지역기준(관할 세무서: 종로세무서) - 국가법령정보센터 행정규칙 텍스트레이어 직접 파싱. 실제로는 업종/면적 조건부 배제이나 단순화하여 전체 배제로 처리. 자동추출 특성상 일부 지역 누락 가능",국세청고시 제2026-19호 간이과세배제기준,https://www.law.go.kr/LSW/admRulLsInfoP.do?admRulId=21174
2026-07-01,서울,종로구,명륜4가,"국세청고시 제2026-19호(2026.7.1. 시행, 폐지제정) 별표4 지역기준(관할 세무서: 종로세무서) - 국가법령정보센터 행정규칙 텍스트레이어 직접 파싱. 실제로는 업종/면적 조건부 배제이나 단순화하여 전체 배제로 처리. 자동추출 특성상 일부 지역 누락 가능",국세청고시 제2026-19호 간이과세배제기준,https://www.law.go.kr/LSW/admRulLsInfoP.do?admRulId=21174
2026-07-01,서울,종로구,묘동,"국세청고시 제2026-19호(2026.7.1. 시행, 폐지제정) 별표4 지역기준(관할 세무서: 종로세무서) - 국가법령정보센터 행정규칙 텍스트레이어 직접 파싱. 실제로는 업종/면적 조건부 배제이나 단순화하여 전체 배제로 처리. 자동추출 특성상 일부 지역 누락 가능",국세청고시 제2026-19호 간이과세배제기준,https://www.law.go.kr/LSW/admRulLsInfoP.do?admRulId=21174
2026-07-01,서울,종로구,봉익동,"국세청고시 제2026-19호(2026.7.1. 시행, 폐지제정) 별표4 지역기준(관할 세무서: 종로세무서) - 국가법령정보센터 행정규칙 텍스트레이어 직접 파싱. 실제로는 업종/면적 조건부 배제이나 단순화하여 전체 배제로 처리. 자동추출 특성상 일부 지역 누락 가능",국세청고시 제2026-19호 간이과세배제기준,https://www.law.go.kr/LSW/admRulLsInfoP.do?admRulId=21174
2026-07-01,서울,종로구,부암동,"국세청고시 제2026-19호(2026.7.1. 시행, 폐지제정) 별표4 지역기준(관할 세무서: 종로세무서) - 국가법령정보센터 행정규칙 텍스트레이어 직접 파싱. 실제로는 업종/면적 조건부 배제이나 단순화하여 전체 배제로 처리. 자동추출 특성상 일부 지역 누락 가능",국세청고시 제2026-19호 간이과세배제기준,https://www.law.go.kr/LSW/admRulLsInfoP.do?admRulId=21174
2026-07-01,서울,종로구,사간동,"국세청고시 제2026-19호(2026.7.1. 시행, 폐지제정) 별표4 지역기준(관할 세무서: 종로세무서) - 국가법령정보센터 행정규칙 텍스트레이어 직접 파싱. 실제로는 업종/면적 조건부 배제이나 단순화하여 전체 배제로 처리. 자동추출 특성상 일부 지역 누락 가능",국세청고시 제2026-19호 간이과세배제기준,https://www.law.go.kr/LSW/admRulLsInfoP.do?admRulId=21174
2026-07-01,서울,종로구,사직동,"국세청고시 제2026-19호(2026.7.1. 시행, 폐지제정) 별표4 지역기준(관할 세무서: 종로세무서) - 국가법령정보센터 행정규칙 텍스트레이어 직접 파싱. 실제로는 업종/면적 조건부 배제이나 단순화하여 전체 배제로 처리. 자동추출 특성상 일부 지역 누락 가능",국세청고시 제2026-19호 간이과세배제기준,https://www.law.go.kr/LSW/admRulLsInfoP.do?admRulId=21174
2026-07-01,서울,종로구,삼청동,"국세청고시 제2026-19호(2026.7.1. 시행, 폐지제정) 별표4 지역기준(관할 세무서: 종로세무서) - 국가법령정보센터 행정규칙 텍스트레이어 직접 파싱. 실제로는 업종/면적 조건부 배제이나 단순화하여 전체 배제로 처리. 자동추출 특성상 일부 지역 누락 가능",국세청고시 제2026-19호 간이과세배제기준,https://www.law.go.kr/LSW/admRulLsInfoP.do?admRulId=21174
2026-07-01,서울,종로구,서린동,"국세청고시 제2026-19호(2026.7.1. 시행, 폐지제정) 별표4 지역기준(관할 세무서: 종로세무서) - 국가법령정보센터 행정규칙 텍스트레이어 직접 파싱. 실제로는 업종/면적 조건부 배제이나 단순화하여 전체 배제로 처리. 자동추출 특성상 일부 지역 누락 가능",국세청고시 제2026-19호 간이과세배제기준,https://www.law.go.kr/LSW/admRulLsInfoP.do?admRulId=21174
2026-07-01,서울,종로구,소격동,"국세청고시 제2026-19호(2026.7.1. 시행, 폐지제정) 별표4 지역기준(관할 세무서: 종로세무서) - 국가법령정보센터 행정규칙 텍스트레이어 직접 파싱. 실제로는 업종/면적 조건부 배제이나 단순화하여 전체 배제로 처리. 자동추출 특성상 일부 지역 누락 가능",국세청고시 제2026-19호 간이과세배제기준,https://www.law.go.kr/LSW/admRulLsInfoP.do?admRulId=21174
2026-07-01,서울,종로구,수송동,"국세청고시 제2026-19호(2026.7.1. 시행, 폐지제정) 별표4 지역기준(관할 세무서: 종로세무서) - 국가법령정보센터 행정규칙 텍스트레이어 직접 파싱. 실제로는 업종/면적 조건부 배제이나 단순화하여 전체 배제로 처리. 자동추출 특성상 일부 지역 누락 가능",국세청고시 제2026-19호 간이과세배제기준,https://www.law.go.kr/LSW/admRulLsInfoP.do?admRulId=21174
2026-07-01,서울,종로구,숭인동,"국세청고시 제2026-19호(2026.7.1. 시행, 폐지제정) 별표4 지역기준(관할 세무서: 종로세무서) - 국가법령정보센터 행정규칙 텍스트레이어 직접 파싱. 실제로는 업종/면적 조건부 배제이나 단순화하여 전체 배제로 처리. 자동추출 특성상 일부 지역 누락 가능",국세청고시 제2026-19호 간이과세배제기준,https://www.law.go.kr/LSW/admRulLsInfoP.do?admRulId=21174
2026-07-01,서울,종로구,신교동,"국세청고시 제2026-19호(2026.7.1. 시행, 폐지제정) 별표4 지역기준(관할 세무서: 종로세무서) - 국가법령정보센터 행정규칙 텍스트레이어 직접 파싱. 실제로는 업종/면적 조건부 배제이나 단순화하여 전체 배제로 처리. 자동추출 특성상 일부 지역 누락 가능",국세청고시 제2026-19호 간이과세배제기준,https://www.law.go.kr/LSW/admRulLsInfoP.do?admRulId=21174
2026-07-01,서울,종로구,신영동,"국세청고시 제2026-19호(2026.7.1. 시행, 폐지제정) 별표4 지역기준(관할 세무서: 종로세무서) - 국가법령정보센터 행정규칙 텍스트레이어 직접 파싱. 실제로는 업종/면적 조건부 배제이나 단순화하여 전체 배제로 처리. 자동추출 특성상 일부 지역 누락 가능",국세청고시 제2026-19호 간이과세배제기준,https://www.law.go.kr/LSW/admRulLsInfoP.do?admRulId=21174
2026-07-01,서울,종로구,안국동,"국세청고시 제2026-19호(2026.7.1. 시행, 폐지제정) 별표4 지역기준(관할 세무서: 종로세무서) - 국가법령정보센터 행정규칙 텍스트레이어 직접 파싱. 실제로는 업종/면적 조건부 배제이나 단순화하여 전체 배제로 처리. 자동추출 특성상 일부 지역 누락 가능",국세청고시 제2026-19호 간이과세배제기준,https://www.law.go.kr/LSW/admRulLsInfoP.do?admRulId=21174
2026-07-01,서울,종로구,예지동,"국세청고시 제2026-19호(2026.7.1. 시행, 폐지제정) 별표4 지역기준(관할 세무서: 종로세무서) - 국가법령정보센터 행정규칙 텍스트레이어 직접 파싱. 실제로는 업종/면적 조건부 배제이나 단순화하여 전체 배제로 처리. 자동추출 특성상 일부 지역 누락 가능",국세청고시 제2026-19호 간이과세배제기준,https://www.law.go.kr/LSW/admRulLsInfoP.do?admRulId=21174
2026-07-01,서울,종로구,옥인동,"국세청고시 제2026-19호(2026.7.1. 시행, 폐지제정) 별표4 지역기준(관할 세무서: 종로세무서) - 국가법령정보센터 행정규칙 텍스트레이어 직접 파싱. 실제로는 업종/면적 조건부 배제이나 단순화하여 전체 배제로 처리. 자동추출 특성상 일부 지역 누락 가능",국세청고시 제2026-19호 간이과세배제기준,https://www.law.go.kr/LSW/admRulLsInfoP.do?admRulId=21174
2026-07-01,서울,종로구,와룡동,"국세청고시 제2026-19호(2026.7.1. 시행, 폐지제정) 별표4 지역기준(관할 세무서: 종로세무서) - 국가법령정보센터 행정규칙 텍스트레이어 직접 파싱. 실제로는 업종/면적 조건부 배제이나 단순화하여 전체 배제로 처리. 자동추출 특성상 일부 지역 누락 가능",국세청고시 제2026-19호 간이과세배제기준,https://www.law.go.kr/LSW/admRulLsInfoP.do?admRulId=21174
2026-07-01,서울,종로구,운니동,"국세청고시 제2026-19호(2026.7.1. 시행, 폐지제정) 별표4 지역기준(관할 세무서: 종로세무서) - 국가법령정보센터 행정규칙 텍스트레이어 직접 파싱. 실제로는 업종/면적 조건부 배제이나 단순화하여 전체 배제로 처리. 자동추출 특성상 일부 지역 누락 가능",국세청고시 제2026-19호 간이과세배제기준,https://www.law.go.kr/LSW/admRulLsInfoP.do?admRulId=21174
2026-07-01,서울,종로구,익선동,"국세청고시 제2026-19호(2026.7.1. 시행, 폐지제정) 별표4 지역기준(관할 세무서: 종로세무서) - 국가법령정보센터 행정규칙 텍스트레이어 직접 파싱. 실제로는 업종/면적 조건부 배제이나 단순화하여 전체 배제로 처리. 자동추출 특성상 일부 지역 누락 가능",국세청고시 제2026-19호 간이과세배제기준,https://www.law.go.kr/LSW/admRulLsInfoP.do?admRulId=21174
2026-07-01,서울,종로구,인사동,"국세청고시 제2026-19호(2026.7.1. 시행, 폐지제정) 별표4 지역기준(관할 세무서: 종로세무서) - 국가법령정보센터 행정규칙 텍스트레이어 직접 파싱. 실제로는 업종/면적 조건부 배제이나 단순화하여 전체 배제로 처리. 자동추출 특성상 일부 지역 누락 가능",국세청고시 제2026-19호 간이과세배제기준,https://www.law.go.kr/LSW/admRulLsInfoP.do?admRulId=21174
2026-07-01,서울,종로구,인의동,"국세청고시 제2026-19호(2026.7.1. 시행, 폐지제정) 별표4 지역기준(관할 세무서: 종로세무서) - 국가법령정보센터 행정규칙 텍스트레이어 직접 파싱. 실제로는 업종/면적 조건부 배제이나 단순화하여 전체 배제로 처리. 자동추출 특성상 일부 지역 누락 가능",국세청고시 제2026-19호 간이과세배제기준,https://www.law.go.kr/LSW/admRulLsInfoP.do?admRulId=21174
2026-07-01,서울,종로구,장사동,"국세청고시 제2026-19호(2026.7.1. 시행, 폐지제정) 별표4 지역기준(관할 세무서: 종로세무서) - 국가법령정보센터 행정규칙 텍스트레이어 직접 파싱. 실제로는 업종/면적 조건부 배제이나 단순화하여 전체 배제로 처리. 자동추출 특성상 일부 지역 누락 가능",국세청고시 제2026-19호 간이과세배제기준,https://www.law.go.kr/LSW/admRulLsInfoP.do?admRulId=21174
2026-07-01,서울,종로구,적선동,"국세청고시 제2026-19호(2026.7.1. 시행, 폐지제정) 별표4 지역기준(관할 세무서: 종로세무서) - 국가법령정보센터 행정규칙 텍스트레이어 직접 파싱. 실제로는 업종/면적 조건부 배제이나 단순화하여 전체 배제로 처리. 자동추출 특성상 일부 지역 누락 가능",국세청고시 제2026-19호 간이과세배제기준,https://www.law.go.kr/LSW/admRulLsInfoP.do?admRulId=21174
2026-07-01,서울,종로구,종로1가,"국세청고시 제2026-19호(2026.7.1. 시행, 폐지제정) 별표4 지역기준(관할 세무서: 종로세무서) - 국가법령정보센터 행정규칙 텍스트레이어 직접 파싱. 실제로는 업종/면적 조건부 배제이나 단순화하여 전체 배제로 처리. 자동추출 특성상 일부 지역 누락 가능",국세청고시 제2026-19호 간이과세배제기준,https://www.law.go.kr/LSW/admRulLsInfoP.do?admRulId=21174
2026-07-01,서울,종로구,종로4가,"국세청고시 제2026-19호(2026.7.1. 시행, 폐지제정) 별표4 지역기준(관할 세무서: 종로세무서) - 국가법령정보센터 행정규칙 텍스트레이어 직접 파싱. 실제로는 업종/면적 조건부 배제이나 단순화하여 전체 배제로 처리. 자동추출 특성상 일부 지역 누락 가능",국세청고시 제2026-19호 간이과세배제기준,https://www.law.go.kr/LSW/admRulLsInfoP.do?admRulId=21174
2026-07-01,서울,종로구,종로6가,"국세청고시 제2026-19호(2026.7.1. 시행, 폐지제정) 별표4 지역기준(관할 세무서: 종로세무서) - 국가법령정보센터 행정규칙 텍스트레이어 직접 파싱. 실제로는 업종/면적 조건부 배제이나 단순화하여 전체 배제로 처리. 자동추출 특성상 일부 지역 누락 가능",국세청고시 제2026-19호 간이과세배제기준,https://www.law.go.kr/LSW/admRulLsInfoP.do?admRulId=21174
2026-07-01,서울,종로구,중학동,"국세청고시 제2026-19호(2026.7.1. 시행, 폐지제정) 별표4 지역기준(관할 세무서: 종로세무서) - 국가법령정보센터 행정규칙 텍스트레이어 직접 파싱. 실제로는 업종/면적 조건부 배제이나 단순화하여 전체 배제로 처리. 자동추출 특성상 일부 지역 누락 가능",국세청고시 제2026-19호 간이과세배제기준,https://www.law.go.kr/LSW/admRulLsInfoP.do?admRulId=21174
2026-07-01,서울,종로구,창성동,"국세청고시 제2026-19호(2026.7.1. 시행, 폐지제정) 별표4 지역기준(관할 세무서: 종로세무서) - 국가법령정보센터 행정규칙 텍스트레이어 직접 파싱. 실제로는 업종/면적 조건부 배제이나 단순화하여 전체 배제로 처리. 자동추출 특성상 일부 지역 누락 가능",국세청고시 제2026-19호 간이과세배제기준,https://www.law.go.kr/LSW/admRulLsInfoP.do?admRulId=21174
2026-07-01,서울,종로구,창신동,"국세청고시 제2026-19호(2026.7.1. 시행, 폐지제정) 별표4 지역기준(관할 세무서: 종로세무서) - 국가법령정보센터 행정규칙 텍스트레이어 직접 파싱. 실제로는 업종/면적 조건부 배제이나 단순화하여 전체 배제로 처리. 자동추출 특성상 일부 지역 누락 가능",국세청고시 제2026-19호 간이과세배제기준,https://www.law.go.kr/LSW/admRulLsInfoP.do?admRulId=21174
2026-07-01,서울,종로구,청운동,"국세청고시 제2026-19호(2026.7.1. 시행, 폐지제정) 별표4 지역기준(관할 세무서: 종로세무서) - 국가법령정보센터 행정규칙 텍스트레이어 직접 파싱. 실제로는 업종/면적 조건부 배제이나 단순화하여 전체 배제로 처리. 자동추출 특성상 일부 지역 누락 가능",국세청고시 제2026-19호 간이과세배제기준,https://www.law.go.kr/LSW/admRulLsInfoP.do?admRulId=21174
2026-07-01,서울,종로구,청진동,"국세청고시 제2026-19호(2026.7.1. 시행, 폐지제정) 별표4 지역기준(관할 세무서: 종로세무서) - 국가법령정보센터 행정규칙 텍스트레이어 직접 파싱. 실제로는 업종/면적 조건부 배제이나 단순화하여 전체 배제로 처리. 자동추출 특성상 일부 지역 누락 가능",국세청고시 제2026-19호 간이과세배제기준,https://www.law.go.kr/LSW/admRulLsInfoP.do?admRulId=21174
2026-07-01,서울,종로구,통의동,"국세청고시 제2026-19호(2026.7.1. 시행, 폐지제정) 별표4 지역기준(관할 세무서: 종로세무서) - 국가법령정보센터 행정규칙 텍스트레이어 직접 파싱. 실제로는 업종/면적 조건부 배제이나 단순화하여 전체 배제로 처리. 자동추출 특성상 일부 지역 누락 가능",국세청고시 제2026-19호 간이과세배제기준,https://www.law.go.kr/LSW/admRulLsInfoP.do?admRulId=21174
2026-07-01,서울,종로구,통인동,"국세청고시 제2026-19호(2026.7.1. 시행, 폐지제정) 별표4 지역기준(관할 세무서: 종로세무서) - 국가법령정보센터 행정규칙 텍스트레이어 직접 파싱. 실제로는 업종/면적 조건부 배제이나 단순화하여 전체 배제로 처리. 자동추출 특성상 일부 지역 누락 가능",국세청고시 제2026-19호 간이과세배제기준,https://www.law.go.kr/LSW/admRulLsInfoP.do?admRulId=21174
2026-07-01,서울,종로구,팔판동,"국세청고시 제2026-19호(2026.7.1. 시행, 폐지제정) 별표4 지역기준(관할 세무서: 종로세무서) - 국가법령정보센터 행정규칙 텍스트레이어 직접 파싱. 실제로는 업종/면적 조건부 배제이나 단순화하여 전체 배제로 처리. 자동추출 특성상 일부 지역 누락 가능",국세청고시 제2026-19호 간이과세배제기준,https://www.law.go.kr/LSW/admRulLsInfoP.do?admRulId=21174
2026-07-01,서울,종로구,평창동,"국세청고시 제2026-19호(2026.7.1. 시행, 폐지제정) 별표4 지역기준(관할 세무서: 종로세무서) - 국가법령정보센터 행정규칙 텍스트레이어 직접 파싱. 실제로는 업종/면적 조건부 배제이나 단순화하여 전체 배제로 처리. 자동추출 특성상 일부 지역 누락 가능",국세청고시 제2026-19호 간이과세배제기준,https://www.law.go.kr/LSW/admRulLsInfoP.do?admRulId=21174
2026-07-01,서울,종로구,필운동,"국세청고시 제2026-19호(2026.7.1. 시행, 폐지제정) 별표4 지역기준(관할 세무서: 종로세무서) - 국가법령정보센터 행정규칙 텍스트레이어 직접 파싱. 실제로는 업종/면적 조건부 배제이나 단순화하여 전체 배제로 처리. 자동추출 특성상 일부 지역 누락 가능",국세청고시 제2026-19호 간이과세배제기준,https://www.law.go.kr/LSW/admRulLsInfoP.do?admRulId=21174
2026-07-01,서울,종로구,혜화동,"국세청고시 제2026-19호(2026.7.1. 시행, 폐지제정) 별표4 지역기준(관할 세무서: 종로세무서) - 국가법령정보센터 행정규칙 텍스트레이어 직접 파싱. 실제로는 업종/면적 조건부 배제이나 단순화하여 전체 배제로 처리. 자동추출 특성상 일부 지역 누락 가능",국세청고시 제2026-19호 간이과세배제기준,https://www.law.go.kr/LSW/admRulLsInfoP.do?admRulId=21174
2026-07-01,서울,종로구,홍지동,"국세청고시 제2026-19호(2026.7.1. 시행, 폐지제정) 별표4 지역기준(관할 세무서: 종로세무서) - 국가법령정보센터 행정규칙 텍스트레이어 직접 파싱. 실제로는 업종/면적 조건부 배제이나 단순화하여 전체 배제로 처리. 자동추출 특성상 일부 지역 누락 가능",국세청고시 제2026-19호 간이과세배제기준,https://www.law.go.kr/LSW/admRulLsInfoP.do?admRulId=21174
2026-07-01,서울,종로구,화동,"국세청고시 제2026-19호(2026.7.1. 시행, 폐지제정) 별표4 지역기준(관할 세무서: 종로세무서) - 국가법령정보센터 행정규칙 텍스트레이어 직접 파싱. 실제로는 업종/면적 조건부 배제이나 단순화하여 전체 배제로 처리. 자동추출 특성상 일부 지역 누락 가능",국세청고시 제2026-19호 간이과세배제기준,https://www.law.go.kr/LSW/admRulLsInfoP.do?admRulId=21174
2026-07-01,서울,종로구,효자동,"국세청고시 제2026-19호(2026.7.1. 시행, 폐지제정) 별표4 지역기준(관할 세무서: 종로세무서) - 국가법령정보센터 행정규칙 텍스트레이어 직접 파싱. 실제로는 업종/면적 조건부 배제이나 단순화하여 전체 배제로 처리. 자동추출 특성상 일부 지역 누락 가능",국세청고시 제2026-19호 간이과세배제기준,https://www.law.go.kr/LSW/admRulLsInfoP.do?admRulId=21174
2026-07-01,서울,종로구,훈정동,"국세청고시 제2026-19호(2026.7.1. 시행, 폐지제정) 별표4 지역기준(관할 세무서: 종로세무서) - 국가법령정보센터 행정규칙 텍스트레이어 직접 파싱. 실제로는 업종/면적 조건부 배제이나 단순화하여 전체 배제로 처리. 자동추출 특성상 일부 지역 누락 가능",국세청고시 제2026-19호 간이과세배제기준,https://www.law.go.kr/LSW/admRulLsInfoP.do?admRulId=21174
2026-07-01,서울,중구,교동,"국세청고시 제2026-19호(2026.7.1. 시행, 폐지제정) 별표4 지역기준(관할 세무서: 남대문세무서) - 국가법령정보센터 행정규칙 텍스트레이어 직접 파싱. 실제로는 업종/면적 조건부 배제이나 단순화하여 전체 배제로 처리. 자동추출 특성상 일부 지역 누락 가능",국세청고시 제2026-19호 간이과세배제기준,https://www.law.go.kr/LSW/admRulLsInfoP.do?admRulId=21174
2026-07-01,서울,중구,남대문로1가,"국세청고시 제2026-19호(2026.7.1. 시행, 폐지제정) 별표4 지역기준(관할 세무서: 남대문세무서) - 국가법령정보센터 행정규칙 텍스트레이어 직접 파싱. 실제로는 업종/면적 조건부 배제이나 단순화하여 전체 배제로 처리. 자동추출 특성상 일부 지역 누락 가능",국세청고시 제2026-19호 간이과세배제기준,https://www.law.go.kr/LSW/admRulLsInfoP.do?admRulId=21174
2026-07-01,서울,중구,남대문로3가,"국세청고시 제2026-19호(2026.7.1. 시행, 폐지제정) 별표4 지역기준(관할 세무서: 남대문세무서) - 국가법령정보센터 행정규칙 텍스트레이어 직접 파싱. 실제로는 업종/면적 조건부 배제이나 단순화하여 전체 배제로 처리. 자동추출 특성상 일부 지역 누락 가능",국세청고시 제2026-19호 간이과세배제기준,https://www.law.go.kr/LSW/admRulLsInfoP.do?admRulId=21174
2026-07-01,서울,중구,남대문로4가,"국세청고시 제2026-19호(2026.7.1. 시행, 폐지제정) 별표4 지역기준(관할 세무서: 남대문세무서) - 국가법령정보센터 행정규칙 텍스트레이어 직접 파싱. 실제로는 업종/면적 조건부 배제이나 단순화하여 전체 배제로 처리. 자동추출 특성상 일부 지역 누락 가능",국세청고시 제2026-19호 간이과세배제기준,https://www.law.go.kr/LSW/admRulLsInfoP.do?admRulId=21174
2026-07-01,서울,중구,남대문로5가,"국세청고시 제2026-19호(2026.7.1. 시행, 폐지제정) 별표4 지역기준(관할 세무서: 남대문세무서) - 국가법령정보센터 행정규칙 텍스트레이어 직접 파싱. 실제로는 업종/면적 조건부 배제이나 단순화하여 전체 배제로 처리. 자동추출 특성상 일부 지역 누락 가능",국세청고시 제2026-19호 간이과세배제기준,https://www.law.go.kr/LSW/admRulLsInfoP.do?admRulId=21174
2026-07-01,서울,중구,남창동,"국세청고시 제2026-19호(2026.7.1. 시행, 폐지제정) 별표4 지역기준(관할 세무서: 남대문세무서) - 국가법령정보센터 행정규칙 텍스트레이어 직접 파싱. 실제로는 업종/면적 조건부 배제이나 단순화하여 전체 배제로 처리. 자동추출 특성상 일부 지역 누락 가능",국세청고시 제2026-19호 간이과세배제기준,https://www.law.go.kr/LSW/admRulLsInfoP.do?admRulId=21174
2026-07-01,서울,중구,다동,"국세청고시 제2026-19호(2026.7.1. 시행, 폐지제정) 별표4 지역기준(관할 세무서: 남대문세무서) - 국가법령정보센터 행정규칙 텍스트레이어 직접 파싱. 실제로는 업종/면적 조건부 배제이나 단순화하여 전체 배제로 처리. 자동추출 특성상 일부 지역 누락 가능",국세청고시 제2026-19호 간이과세배제기준,https://www.law.go.kr/LSW/admRulLsInfoP.do?admRulId=21174
2026-07-01,서울,중구,명동,"국세청고시 제2026-19호(2026.7.1. 시행, 폐지제정) 별표4 지역기준(관할 세무서: 남대문세무서) - 국가법령정보센터 행정규칙 텍스트레이어 직접 파싱. 실제로는 업종/면적 조건부 배제이나 단순화하여 전체 배제로 처리. 자동추출 특성상 일부 지역 누락 가능",국세청고시 제2026-19호 간이과세배제기준,https://www.law.go.kr/LSW/admRulLsInfoP.do?admRulId=21174
2026-07-01,서울,중구,무교동,"국세청고시 제2026-19호(2026.7.1. 시행, 폐지제정) 별표4 지역기준(관할 세무서: 남대문세무서) - 국가법령정보센터 행정규칙 텍스트레이어 직접 파싱. 실제로는 업종/면적 조건부 배제이나 단순화하여 전체 배제로 처리. 자동추출 특성상 일부 지역 누락 가능",국세청고시 제2026-19호 간이과세배제기준,https://www.law.go.kr/LSW/admRulLsInfoP.do?admRulId=21174
2026-07-01,서울,중구,북창동,"국세청고시 제2026-19호(2026.7.1. 시행, 폐지제정) 별표4 지역기준(관할 세무서: 남대문세무서) - 국가법령정보센터 행정규칙 텍스트레이어 직접 파싱. 실제로는 업종/면적 조건부 배제이나 단순화하여 전체 배제로 처리. 자동추출 특성상 일부 지역 누락 가능",국세청고시 제2026-19호 간이과세배제기준,https://www.law.go.kr/LSW/admRulLsInfoP.do?admRulId=21174
2026-07-01,서울,중구,산림동,"국세청고시 제2026-19호(2026.7.1. 시행, 폐지제정) 별표4 지역기준(관할 세무서: 남대문세무서) - 국가법령정보센터 행정규칙 텍스트레이어 직접 파싱. 실제로는 업종/면적 조건부 배제이나 단순화하여 전체 배제로 처리. 자동추출 특성상 일부 지역 누락 가능",국세청고시 제2026-19호 간이과세배제기준,https://www.law.go.kr/LSW/admRulLsInfoP.do?admRulId=21174
2026-07-01,서울,중구,삼각동,"국세청고시 제2026-19호(2026.7.1. 시행, 폐지제정) 별표4 지역기준(관할 세무서: 남대문세무서) - 국가법령정보센터 행정규칙 텍스트레이어 직접 파싱. 실제로는 업종/면적 조건부 배제이나 단순화하여 전체 배제로 처리. 자동추출 특성상 일부 지역 누락 가능",국세청고시 제2026-19호 간이과세배제기준,https://www.law.go.kr/LSW/admRulLsInfoP.do?admRulId=21174
2026-07-01,서울,중구,서소문동,"국세청고시 제2026-19호(2026.7.1. 시행, 폐지제정) 별표4 지역기준(관할 세무서: 남대문세무서) - 국가법령정보센터 행정규칙 텍스트레이어 직접 파싱. 실제로는 업종/면적 조건부 배제이나 단순화하여 전체 배제로 처리. 자동추출 특성상 일부 지역 누락 가능",국세청고시 제2026-19호 간이과세배제기준,https://www.law.go.kr/LSW/admRulLsInfoP.do?admRulId=21174
2026-07-01,서울,중구,소공동,"국세청고시 제2026-19호(2026.7.1. 시행, 폐지제정) 별표4 지역기준(관할 세무서: 남대문세무서) - 국가법령정보센터 행정규칙 텍스트레이어 직접 파싱. 실제로는 업종/면적 조건부 배제이나 단순화하여 전체 배제로 처리. 자동추출 특성상 일부 지역 누락 가능",국세청고시 제2026-19호 간이과세배제기준,https://www.law.go.kr/LSW/admRulLsInfoP.do?admRulId=21174
2026-07-01,서울,중구,수표동,"국세청고시 제2026-19호(2026.7.1. 시행, 폐지제정) 별표4 지역기준(관할 세무서: 남대문세무서) - 국가법령정보센터 행정규칙 텍스트레이어 직접 파싱. 실제로는 업종/면적 조건부 배제이나 단순화하여 전체 배제로 처리. 자동추출 특성상 일부 지역 누락 가능",국세청고시 제2026-19호 간이과세배제기준,https://www.law.go.kr/LSW/admRulLsInfoP.do?admRulId=21174
2026-07-01,서울,중구,수하동,"국세청고시 제2026-19호(2026.7.1. 시행, 폐지제정) 별표4 지역기준(관할 세무서: 남대문세무서) - 국가법령정보센터 행정규칙 텍스트레이어 직접 파싱. 실제로는 업종/면적 조건부 배제이나 단순화하여 전체 배제로 처리. 자동추출 특성상 일부 지역 누락 가능",국세청고시 제2026-19호 간이과세배제기준,https://www.law.go.kr/LSW/admRulLsInfoP.do?admRulId=21174
2026-07-01,서울,중구,순화동,"국세청고시 제2026-19호(2026.7.1. 시행, 폐지제정) 별표4 지역기준(관할 세무서: 남대문세무서) - 국가법령정보센터 행정규칙 텍스트레이어 직접 파싱. 실제로는 업종/면적 조건부 배제이나 단순화하여 전체 배제로 처리. 자동추출 특성상 일부 지역 누락 가능",국세청고시 제2026-19호 간이과세배제기준,https://www.law.go.kr/LSW/admRulLsInfoP.do?admRulId=21174
2026-07-01,서울,중구,신당동,"국세청고시 제2026-19호(2026.7.1. 시행, 폐지제정) 별표4 지역기준(관할 세무서: 중부세무서) - 국가법령정보센터 행정규칙 텍스트레이어 직접 파싱. 실제로는 업종/면적 조건부 배제이나 단순화하여 전체 배제로 처리. 자동추출 특성상 일부 지역 누락 가능",국세청고시 제2026-19호 간이과세배제기준,https://www.law.go.kr/LSW/admRulLsInfoP.do?admRulId=21174
2026-07-01,서울,중구,을지로1가,"국세청고시 제2026-19호(2026.7.1. 시행, 폐지제정) 별표4 지역기준(관할 세무서: 남대문세무서) - 국가법령정보센터 행정규칙 텍스트레이어 직접 파싱. 실제로는 업종/면적 조건부 배제이나 단순화하여 전체 배제로 처리. 자동추출 특성상 일부 지역 누락 가능",국세청고시 제2026-19호 간이과세배제기준,https://www.law.go.kr/LSW/admRulLsInfoP.do?admRulId=21174
2026-07-01,서울,중구,을지로2가,"국세청고시 제2026-19호(2026.7.1. 시행, 폐지제정) 별표4 지역기준(관할 세무서: 남대문세무서) - 국가법령정보센터 행정규칙 텍스트레이어 직접 파싱. 실제로는 업종/면적 조건부 배제이나 단순화하여 전체 배제로 처리. 자동추출 특성상 일부 지역 누락 가능",국세청고시 제2026-19호 간이과세배제기준,https://www.law.go.kr/LSW/admRulLsInfoP.do?admRulId=21174
2026-07-01,서울,중구,을지로3가,"국세청고시 제2026-19호(2026.7.1. 시행, 폐지제정) 별표4 지역기준(관할 세무서: 남대문세무서) - 국가법령정보센터 행정규칙 텍스트레이어 직접 파싱. 실제로는 업종/면적 조건부 배제이나 단순화하여 전체 배제로 처리. 자동추출 특성상 일부 지역 누락 가능",국세청고시 제2026-19호 간이과세배제기준,https://www.law.go.kr/LSW/admRulLsInfoP.do?admRulId=21174
2026-07-01,서울,중구,을지로5가,"국세청고시 제2026-19호(2026.7.1. 시행, 폐지제정) 별표4 지역기준(관할 세무서: 남대문세무서) - 국가법령정보센터 행정규칙 텍스트레이어 직접 파싱. 실제로는 업종/면적 조건부 배제이나 단순화하여 전체 배제로 처리. 자동추출 특성상 일부 지역 누락 가능",국세청고시 제2026-19호 간이과세배제기준,https://www.law.go.kr/LSW/admRulLsInfoP.do?admRulId=21174
2026-07-01,서울,중구,을지로6가,"국세청고시 제2026-19호(2026.7.1. 시행, 폐지제정) 별표4 지역기준(관할 세무서: 중부세무서) - 국가법령정보센터 행정규칙 텍스트레이어 직접 파싱. 실제로는 업종/면적 조건부 배제이나 단순화하여 전체 배제로 처리. 자동추출 특성상 일부 지역 누락 가능",국세청고시 제2026-19호 간이과세배제기준,https://www.law.go.kr/LSW/admRulLsInfoP.do?admRulId=21174
2026-07-01,서울,중구,을지로7가,"국세청고시 제2026-19호(2026.7.1. 시행, 폐지제정) 별표4 지역기준(관할 세무서: 중부세무서) - 국가법령정보센터 행정규칙 텍스트레이어 직접 파싱. 실제로는 업종/면적 조건부 배제이나 단순화하여 전체 배제로 처리. 자동추출 특성상 일부 지역 누락 가능",국세청고시 제2026-19호 간이과세배제기준,https://www.law.go.kr/LSW/admRulLsInfoP.do?admRulId=21174
2026-07-01,서울,중구,의주로1가,"국세청고시 제2026-19호(2026.7.1. 시행, 폐지제정) 별표4 지역기준(관할 세무서: 남대문세무서) - 국가법령정보센터 행정규칙 텍스트레이어 직접 파싱. 실제로는 업종/면적 조건부 배제이나 단순화하여 전체 배제로 처리. 자동추출 특성상 일부 지역 누락 가능",국세청고시 제2026-19호 간이과세배제기준,https://www.law.go.kr/LSW/admRulLsInfoP.do?admRulId=21174
2026-07-01,서울,중구,의주로2가,"국세청고시 제2026-19호(2026.7.1. 시행, 폐지제정) 별표4 지역기준(관할 세무서: 남대문세무서) - 국가법령정보센터 행정규칙 텍스트레이어 직접 파싱. 실제로는 업종/면적 조건부 배제이나 단순화하여 전체 배제로 처리. 자동추출 특성상 일부 지역 누락 가능",국세청고시 제2026-19호 간이과세배제기준,https://www.law.go.kr/LSW/admRulLsInfoP.do?admRulId=21174
2026-07-01,서울,중구,입정동,"국세청고시 제2026-19호(2026.7.1. 시행, 폐지제정) 별표4 지역기준(관할 세무서: 남대문세무서) - 국가법령정보센터 행정규칙 텍스트레이어 직접 파싱. 실제로는 업종/면적 조건부 배제이나 단순화하여 전체 배제로 처리. 자동추출 특성상 일부 지역 누락 가능",국세청고시 제2026-19호 간이과세배제기준,https://www.law.go.kr/LSW/admRulLsInfoP.do?admRulId=21174
2026-07-01,서울,중구,정동,"국세청고시 제2026-19호(2026.7.1. 시행, 폐지제정) 별표4 지역기준(관할 세무서: 남대문세무서) - 국가법령정보센터 행정규칙 텍스트레이어 직접 파싱. 실제로는 업종/면적 조건부 배제이나 단순화하여 전체 배제로 처리. 자동추출 특성상 일부 지역 누락 가능",국세청고시 제2026-19호 간이과세배제기준,https://www.law.go.kr/LSW/admRulLsInfoP.do?admRulId=21174
2026-07-01,서울,중구,주교동,"국세청고시 제2026-19호(2026.7.1. 시행, 폐지제정) 별표4 지역기준(관할 세무서: 남대문세무서) - 국가법령정보센터 행정규칙 텍스트레이어 직접 파싱. 실제로는 업종/면적 조건부 배제이나 단순화하여 전체 배제로 처리. 자동추출 특성상 일부 지역 누락 가능",국세청고시 제2026-19호 간이과세배제기준,https://www.law.go.kr/LSW/admRulLsInfoP.do?admRulId=21174
2026-07-01,서울,중구,중림동,"국세청고시 제2026-19호(2026.7.1. 시행, 폐지제정) 별표4 지역기준(관할 세무서: 남대문세무서) - 국가법령정보센터 행정규칙 텍스트레이어 직접 파싱. 실제로는 업종/면적 조건부 배제이나 단순화하여 전체 배제로 처리. 자동추출 특성상 일부 지역 누락 가능",국세청고시 제2026-19호 간이과세배제기준,https://www.law.go.kr/LSW/admRulLsInfoP.do?admRulId=21174
2026-07-01,서울,중구,충무로1가,"국세청고시 제2026-19호(2026.7.1. 시행, 폐지제정) 별표4 지역기준(관할 세무서: 중부세무서) - 국가법령정보센터 행정규칙 텍스트레이어 직접 파싱. 실제로는 업종/면적 조건부 배제이나 단순화하여 전체 배제로 처리. 자동추출 특성상 일부 지역 누락 가능",국세청고시 제2026-19호 간이과세배제기준,https://www.law.go.kr/LSW/admRulLsInfoP.do?admRulId=21174
2026-07-01,서울,중구,충무로2가,"국세청고시 제2026-19호(2026.7.1. 시행, 폐지제정) 별표4 지역기준(관할 세무서: 중부세무서) - 국가법령정보센터 행정규칙 텍스트레이어 직접 파싱. 실제로는 업종/면적 조건부 배제이나 단순화하여 전체 배제로 처리. 자동추출 특성상 일부 지역 누락 가능",국세청고시 제2026-19호 간이과세배제기준,https://www.law.go.kr/LSW/admRulLsInfoP.do?admRulId=21174
2026-07-01,서울,중구,태평로1가,"국세청고시 제2026-19호(2026.7.1. 시행, 폐지제정) 별표4 지역기준(관할 세무서: 남대문세무서) - 국가법령정보센터 행정규칙 텍스트레이어 직접 파싱. 실제로는 업종/면적 조건부 배제이나 단순화하여 전체 배제로 처리. 자동추출 특성상 일부 지역 누락 가능",국세청고시 제2026-19호 간이과세배제기준,https://www.law.go.kr/LSW/admRulLsInfoP.do?admRulId=21174
2026-07-01,서울,중구,태평로2가,"국세청고시 제2026-19호(2026.7.1. 시행, 폐지제정) 별표4 지역기준(관할 세무서: 남대문세무서) - 국가법령정보센터 행정규칙 텍스트레이어 직접 파싱. 실제로는 업종/면적 조건부 배제이나 단순화하여 전체 배제로 처리. 자동추출 특성상 일부 지역 누락 가능",국세청고시 제2026-19호 간이과세배제기준,https://www.law.go.kr/LSW/admRulLsInfoP.do?admRulId=21174
2026-07-01,서울,중구,황학동,"국세청고시 제2026-19호(2026.7.1. 시행, 폐지제정) 별표4 지역기준(관할 세무서: 중부세무서) - 국가법령정보센터 행정규칙 텍스트레이어 직접 파싱. 실제로는 업종/면적 조건부 배제이나 단순화하여 전체 배제로 처리. 자동추출 특성상 일부 지역 누락 가능",국세청고시 제2026-19호 간이과세배제기준,https://www.law.go.kr/LSW/admRulLsInfoP.do?admRulId=21174
2026-07-01,서울,중구,회현1가,"국세청고시 제2026-19호(2026.7.1. 시행, 폐지제정) 별표4 지역기준(관할 세무서: 남대문세무서) - 국가법령정보센터 행정규칙 텍스트레이어 직접 파싱. 실제로는 업종/면적 조건부 배제이나 단순화하여 전체 배제로 처리. 자동추출 특성상 일부 지역 누락 가능",국세청고시 제2026-19호 간이과세배제기준,https://www.law.go.kr/LSW/admRulLsInfoP.do?admRulId=21174
2026-07-01,서울,중구,흥인동,"국세청고시 제2026-19호(2026.7.1. 시행, 폐지제정) 별표4 지역기준(관할 세무서: 중부세무서) - 국가법령정보센터 행정규칙 텍스트레이어 직접 파싱. 실제로는 업종/면적 조건부 배제이나 단순화하여 전체 배제로 처리. 자동추출 특성상 일부 지역 누락 가능",국세청고시 제2026-19호 간이과세배제기준,https://www.law.go.kr/LSW/admRulLsInfoP.do?admRulId=21174
2026-07-01,서울,중랑구,상봉동,"국세청고시 제2026-19호(2026.7.1. 시행, 폐지제정) 별표4 지역기준(관할 세무서: 중랑세무서) - 국가법령정보센터 행정규칙 텍스트레이어 직접 파싱. 실제로는 업종/면적 조건부 배제이나 단순화하여 전체 배제로 처리. 자동추출 특성상 일부 지역 누락 가능",국세청고시 제2026-19호 간이과세배제기준,https://www.law.go.kr/LSW/admRulLsInfoP.do?admRulId=21174
2026-07-01,서울,중랑구,신내동,"국세청고시 제2026-19호(2026.7.1. 시행, 폐지제정) 별표4 지역기준(관할 세무서: 중랑세무서) - 국가법령정보센터 행정규칙 텍스트레이어 직접 파싱. 실제로는 업종/면적 조건부 배제이나 단순화하여 전체 배제로 처리. 자동추출 특성상 일부 지역 누락 가능",국세청고시 제2026-19호 간이과세배제기준,https://www.law.go.kr/LSW/admRulLsInfoP.do?admRulId=21174
2026-07-01,울산,동구,구동,"국세청고시 제2026-19호(2026.7.1. 시행, 폐지제정) 별표4 지역기준(관할 세무서: 동울산세무서) - 국가법령정보센터 행정규칙 텍스트레이어 직접 파싱. 실제로는 업종/면적 조건부 배제이나 단순화하여 전체 배제로 처리. 자동추출 특성상 일부 지역 누락 가능",국세청고시 제2026-19호 간이과세배제기준,https://www.law.go.kr/LSW/admRulLsInfoP.do?admRulId=21174
2026-07-01,울산,동구,서부동,"국세청고시 제2026-19호(2026.7.1. 시행, 폐지제정) 별표4 지역기준(관할 세무서: 동울산세무서) - 국가법령정보센터 행정규칙 텍스트레이어 직접 파싱. 실제로는 업종/면적 조건부 배제이나 단순화하여 전체 배제로 처리. 자동추출 특성상 일부 지역 누락 가능",국세청고시 제2026-19호 간이과세배제기준,https://www.law.go.kr/LSW/admRulLsInfoP.do?admRulId=21174
2026-07-01,울산,동구,진장동,"국세청고시 제2026-19호(2026.7.1. 시행, 폐지제정) 별표4 지역기준(관할 세무서: 동울산세무서) - 국가법령정보센터 행정규칙 텍스트레이어 직접 파싱. 실제로는 업종/면적 조건부 배제이나 단순화하여 전체 배제로 처리. 자동추출 특성상 일부 지역 누락 가능",국세청고시 제2026-19호 간이과세배제기준,https://www.law.go.kr/LSW/admRulLsInfoP.do?admRulId=21174
2026-07-01,울산,중구,달동,"국세청고시 제2026-19호(2026.7.1. 시행, 폐지제정) 별표4 지역기준(관할 세무서: 울산세무서) - 국가법령정보센터 행정규칙 텍스트레이어 직접 파싱. 실제로는 업종/면적 조건부 배제이나 단순화하여 전체 배제로 처리. 자동추출 특성상 일부 지역 누락 가능",국세청고시 제2026-19호 간이과세배제기준,https://www.law.go.kr/LSW/admRulLsInfoP.do?admRulId=21174
2026-07-01,울산,중구,삼산동,"국세청고시 제2026-19호(2026.7.1. 시행, 폐지제정) 별표4 지역기준(관할 세무서: 울산세무서) - 국가법령정보센터 행정규칙 텍스트레이어 직접 파싱. 실제로는 업종/면적 조건부 배제이나 단순화하여 전체 배제로 처리. 자동추출 특성상 일부 지역 누락 가능",국세청고시 제2026-19호 간이과세배제기준,https://www.law.go.kr/LSW/admRulLsInfoP.do?admRulId=21174
2026-07-01,인천,계양구,작전동,"국세청고시 제2026-19호(2026.7.1. 시행, 폐지제정) 별표4 지역기준(관할 세무서: 계양세무서) - 국가법령정보센터 행정규칙 텍스트레이어 직접 파싱. 실제로는 업종/면적 조건부 배제이나 단순화하여 전체 배제로 처리. 자동추출 특성상 일부 지역 누락 가능",국세청고시 제2026-19호 간이과세배제기준,https://www.law.go.kr/LSW/admRulLsInfoP.do?admRulId=21174
2026-07-01,인천,계양구,종동,"국세청고시 제2026-19호(2026.7.1. 시행, 폐지제정) 별표4 지역기준(관할 세무서: 계양세무서) - 국가법령정보센터 행정규칙 텍스트레이어 직접 파싱. 실제로는 업종/면적 조건부 배제이나 단순화하여 전체 배제로 처리. 자동추출 특성상 일부 지역 누락 가능",국세청고시 제2026-19호 간이과세배제기준,https://www.law.go.kr/LSW/admRulLsInfoP.do?admRulId=21174
2026-07-01,인천,남동구,간석동,"국세청고시 제2026-19호(2026.7.1. 시행, 폐지제정) 별표4 지역기준(관할 세무서: 남동세무서) - 국가법령정보센터 행정규칙 텍스트레이어 직접 파싱. 실제로는 업종/면적 조건부 배제이나 단순화하여 전체 배제로 처리. 자동추출 특성상 일부 지역 누락 가능",국세청고시 제2026-19호 간이과세배제기준,https://www.law.go.kr/LSW/admRulLsInfoP.do?admRulId=21174
2026-07-01,인천,남동구,구월동,"국세청고시 제2026-19호(2026.7.1. 시행, 폐지제정) 별표4 지역기준(관할 세무서: 남동세무서) - 국가법령정보센터 행정규칙 텍스트레이어 직접 파싱. 실제로는 업종/면적 조건부 배제이나 단순화하여 전체 배제로 처리. 자동추출 특성상 일부 지역 누락 가능",국세청고시 제2026-19호 간이과세배제기준,https://www.law.go.kr/LSW/admRulLsInfoP.do?admRulId=21174
2026-07-01,인천,남동구,논현동,"국세청고시 제2026-19호(2026.7.1. 시행, 폐지제정) 별표4 지역기준(관할 세무서: 남동세무서) - 국가법령정보센터 행정규칙 텍스트레이어 직접 파싱. 실제로는 업종/면적 조건부 배제이나 단순화하여 전체 배제로 처리. 자동추출 특성상 일부 지역 누락 가능",국세청고시 제2026-19호 간이과세배제기준,https://www.law.go.kr/LSW/admRulLsInfoP.do?admRulId=21174
2026-07-01,인천,부평구,부평동,"국세청고시 제2026-19호(2026.7.1. 시행, 폐지제정) 별표4 지역기준(관할 세무서: 부평세무서) - 국가법령정보센터 행정규칙 텍스트레이어 직접 파싱. 실제로는 업종/면적 조건부 배제이나 단순화하여 전체 배제로 처리. 자동추출 특성상 일부 지역 누락 가능",국세청고시 제2026-19호 간이과세배제기준,https://www.law.go.kr/LSW/admRulLsInfoP.do?admRulId=21174
2026-07-01,인천,연수구,송도동,"국세청고시 제2026-19호(2026.7.1. 시행, 폐지제정) 별표4 지역기준(관할 세무서: 연수세무서) - 국가법령정보센터 행정규칙 텍스트레이어 직접 파싱. 실제로는 업종/면적 조건부 배제이나 단순화하여 전체 배제로 처리. 자동추출 특성상 일부 지역 누락 가능",국세청고시 제2026-19호 간이과세배제기준,https://www.law.go.kr/LSW/admRulLsInfoP.do?admRulId=21174
2026-07-01,인천,연수구,청학동,"국세청고시 제2026-19호(2026.7.1. 시행, 폐지제정) 별표4 지역기준(관할 세무서: 연수세무서) - 국가법령정보센터 행정규칙 텍스트레이어 직접 파싱. 실제로는 업종/면적 조건부 배제이나 단순화하여 전체 배제로 처리. 자동추출 특성상 일부 지역 누락 가능",국세청고시 제2026-19호 간이과세배제기준,https://www.law.go.kr/LSW/admRulLsInfoP.do?admRulId=21174
2026-07-01,인천,중구,경동,"국세청고시 제2026-19호(2026.7.1. 시행, 폐지제정) 별표4 지역기준(관할 세무서: 인천세무서) - 국가법령정보센터 행정규칙 텍스트레이어 직접 파싱. 실제로는 업종/면적 조건부 배제이나 단순화하여 전체 배제로 처리. 자동추출 특성상 일부 지역 누락 가능",국세청고시 제2026-19호 간이과세배제기준,https://www.law.go.kr/LSW/admRulLsInfoP.do?admRulId=21174
2026-07-01,인천,중구,관교동,"국세청고시 제2026-19호(2026.7.1. 시행, 폐지제정) 별표4 지역기준(관할 세무서: 인천세무서) - 국가법령정보센터 행정규칙 텍스트레이어 직접 파싱. 실제로는 업종/면적 조건부 배제이나 단순화하여 전체 배제로 처리. 자동추출 특성상 일부 지역 누락 가능",국세청고시 제2026-19호 간이과세배제기준,https://www.law.go.kr/LSW/admRulLsInfoP.do?admRulId=21174
2026-07-01,인천,중구,송림동,"국세청고시 제2026-19호(2026.7.1. 시행, 폐지제정) 별표4 지역기준(관할 세무서: 인천세무서) - 국가법령정보센터 행정규칙 텍스트레이어 직접 파싱. 실제로는 업종/면적 조건부 배제이나 단순화하여 전체 배제로 처리. 자동추출 특성상 일부 지역 누락 가능",국세청고시 제2026-19호 간이과세배제기준,https://www.law.go.kr/LSW/admRulLsInfoP.do?admRulId=21174
2026-07-01,인천,중구,신동,"국세청고시 제2026-19호(2026.7.1. 시행, 폐지제정) 별표4 지역기준(관할 세무서: 인천세무서) - 국가법령정보센터 행정규칙 텍스트레이어 직접 파싱. 실제로는 업종/면적 조건부 배제이나 단순화하여 전체 배제로 처리. 자동추출 특성상 일부 지역 누락 가능",국세청고시 제2026-19호 간이과세배제기준,https://www.law.go.kr/LSW/admRulLsInfoP.do?admRulId=21174
2026-07-01,인천,중구,용현동,"국세청고시 제2026-19호(2026.7.1. 시행, 폐지제정) 별표4 지역기준(관할 세무서: 인천세무서) - 국가법령정보센터 행정규칙 텍스트레이어 직접 파싱. 실제로는 업종/면적 조건부 배제이나 단순화하여 전체 배제로 처리. 자동추출 특성상 일부 지역 누락 가능",국세청고시 제2026-19호 간이과세배제기준,https://www.law.go.kr/LSW/admRulLsInfoP.do?admRulId=21174
2026-07-01,인천,중구,운서동,"국세청고시 제2026-19호(2026.7.1. 시행, 폐지제정) 별표4 지역기준(관할 세무서: 인천세무서) - 국가법령정보센터 행정규칙 텍스트레이어 직접 파싱. 실제로는 업종/면적 조건부 배제이나 단순화하여 전체 배제로 처리. 자동추출 특성상 일부 지역 누락 가능",국세청고시 제2026-19호 간이과세배제기준,https://www.law.go.kr/LSW/admRulLsInfoP.do?admRulId=21174
2026-07-01,인천,중구,인동,"국세청고시 제2026-19호(2026.7.1. 시행, 폐지제정) 별표4 지역기준(관할 세무서: 인천세무서) - 국가법령정보센터 행정규칙 텍스트레이어 직접 파싱. 실제로는 업종/면적 조건부 배제이나 단순화하여 전체 배제로 처리. 자동추출 특성상 일부 지역 누락 가능",국세청고시 제2026-19호 간이과세배제기준,https://www.law.go.kr/LSW/admRulLsInfoP.do?admRulId=21174
2026-07-01,인천,중구,인현동,"국세청고시 제2026-19호(2026.7.1. 시행, 폐지제정) 별표4 지역기준(관할 세무서: 인천세무서) - 국가법령정보센터 행정규칙 텍스트레이어 직접 파싱. 실제로는 업종/면적 조건부 배제이나 단순화하여 전체 배제로 처리. 자동추출 특성상 일부 지역 누락 가능",국세청고시 제2026-19호 간이과세배제기준,https://www.law.go.kr/LSW/admRulLsInfoP.do?admRulId=21174
2026-07-01,인천,중구,주안1동,"국세청고시 제2026-19호(2026.7.1. 시행, 폐지제정) 별표4 지역기준(관할 세무서: 인천세무서) - 국가법령정보센터 행정규칙 텍스트레이어 직접 파싱. 실제로는 업종/면적 조건부 배제이나 단순화하여 전체 배제로 처리. 자동추출 특성상 일부 지역 누락 가능",국세청고시 제2026-19호 간이과세배제기준,https://www.law.go.kr/LSW/admRulLsInfoP.do?admRulId=21174
2026-07-01,인천,중구,주안6동,"국세청고시 제2026-19호(2026.7.1. 시행, 폐지제정) 별표4 지역기준(관할 세무서: 인천세무서) - 국가법령정보센터 행정규칙 텍스트레이어 직접 파싱. 실제로는 업종/면적 조건부 배제이나 단순화하여 전체 배제로 처리. 자동추출 특성상 일부 지역 누락 가능",국세청고시 제2026-19호 간이과세배제기준,https://www.law.go.kr/LSW/admRulLsInfoP.do?admRulId=21174
2026-07-01,인천,중구,주안동,"국세청고시 제2026-19호(2026.7.1. 시행, 폐지제정) 별표4 지역기준(관할 세무서: 인천세무서) - 국가법령정보센터 행정규칙 텍스트레이어 직접 파싱. 실제로는 업종/면적 조건부 배제이나 단순화하여 전체 배제로 처리. 자동추출 특성상 일부 지역 누락 가능",국세청고시 제2026-19호 간이과세배제기준,https://www.law.go.kr/LSW/admRulLsInfoP.do?admRulId=21174
2026-07-01,전남,여수시,종화동,"국세청고시 제2026-19호(2026.7.1. 시행, 폐지제정) 별표4 지역기준(관할 세무서: 여수세무서) - 국가법령정보센터 행정규칙 텍스트레이어 직접 파싱. 실제로는 업종/면적 조건부 배제이나 단순화하여 전체 배제로 처리. 자동추출 특성상 일부 지역 누락 가능",국세청고시 제2026-19호 간이과세배제기준,https://www.law.go.kr/LSW/admRulLsInfoP.do?admRulId=21174
2026-07-01,제주,제주시,삼도이동,"국세청고시 제2026-19호(2026.7.1. 시행, 폐지제정) 별표4 지역기준(관할 세무서: 제주세무서) - 국가법령정보센터 행정규칙 텍스트레이어 직접 파싱. 실제로는 업종/면적 조건부 배제이나 단순화하여 전체 배제로 처리. 자동추출 특성상 일부 지역 누락 가능",국세청고시 제2026-19호 간이과세배제기준,https://www.law.go.kr/LSW/admRulLsInfoP.do?admRulId=21174
2026-07-01,제주,제주시,삼이동,"국세청고시 제2026-19호(2026.7.1. 시행, 폐지제정) 별표4 지역기준(관할 세무서: 제주세무서) - 국가법령정보센터 행정규칙 텍스트레이어 직접 파싱. 실제로는 업종/면적 조건부 배제이나 단순화하여 전체 배제로 처리. 자동추출 특성상 일부 지역 누락 가능",국세청고시 제2026-19호 간이과세배제기준,https://www.law.go.kr/LSW/admRulLsInfoP.do?admRulId=21174
2026-07-01,제주,제주시,연동,"국세청고시 제2026-19호(2026.7.1. 시행, 폐지제정) 별표4 지역기준(관할 세무서: 제주세무서) - 국가법령정보센터 행정규칙 텍스트레이어 직접 파싱. 실제로는 업종/면적 조건부 배제이나 단순화하여 전체 배제로 처리. 자동추출 특성상 일부 지역 누락 가능",국세청고시 제2026-19호 간이과세배제기준,https://www.law.go.kr/LSW/admRulLsInfoP.do?admRulId=21174
2026-07-01,제주,제주시,이도이동,"국세청고시 제2026-19호(2026.7.1. 시행, 폐지제정) 별표4 지역기준(관할 세무서: 제주세무서) - 국가법령정보센터 행정규칙 텍스트레이어 직접 파싱. 실제로는 업종/면적 조건부 배제이나 단순화하여 전체 배제로 처리. 자동추출 특성상 일부 지역 누락 가능",국세청고시 제2026-19호 간이과세배제기준,https://www.law.go.kr/LSW/admRulLsInfoP.do?admRulId=21174
2026-07-01,제주,제주시,토평동,"국세청고시 제2026-19호(2026.7.1. 시행, 폐지제정) 별표4 지역기준(관할 세무서: 제주세무서) - 국가법령정보센터 행정규칙 텍스트레이어 직접 파싱. 실제로는 업종/면적 조건부 배제이나 단순화하여 전체 배제로 처리. 자동추출 특성상 일부 지역 누락 가능",국세청고시 제2026-19호 간이과세배제기준,https://www.law.go.kr/LSW/admRulLsInfoP.do?admRulId=21174
2026-07-01,제주,제주시,형동,"국세청고시 제2026-19호(2026.7.1. 시행, 폐지제정) 별표4 지역기준(관할 세무서: 제주세무서) - 국가법령정보센터 행정규칙 텍스트레이어 직접 파싱. 실제로는 업종/면적 조건부 배제이나 단순화하여 전체 배제로 처리. 자동추출 특성상 일부 지역 누락 가능",국세청고시 제2026-19호 간이과세배제기준,https://www.law.go.kr/LSW/admRulLsInfoP.do?admRulId=21174
2026-07-01,충남,천안시,신부동,"국세청고시 제2026-19호(2026.7.1. 시행, 폐지제정) 별표4 지역기준(관할 세무서: 천안세무서) - 국가법령정보센터 행정규칙 텍스트레이어 직접 파싱. 실제로는 업종/면적 조건부 배제이나 단순화하여 전체 배제로 처리. 자동추출 특성상 일부 지역 누락 가능",국세청고시 제2026-19호 간이과세배제기준,https://www.law.go.kr/LSW/admRulLsInfoP.do?admRulId=21174
